"Host","Security_MB","Security_Start","Security_End","Sysmon_MB","Sysmon_Start","Sysmon_End","TaskScheduler_MB","TaskScheduler_Start","TaskScheduler_End","Application_MB","Application_Start","Application_End","System_MB","System_Start","System_End","OS","Software_Count","Dev_Admin_Software_Hits","Software_Summary","Wazuh_Alerts","Wazuh_Levels","Total_MB","Overall_Start","Overall_End","Duration_Hours"
"C_Data/1","20.07","2024-07-04 04:05:23","2024-07-04 05:03:54","47.07","2024-07-03 18:13:24","2024-07-04 05:03:50","2.07","2024-07-02 08:50:00","2024-07-04 04:51:17","2.07","2024-07-02 02:14:35","2024-07-04 05:00:50","1.07","2024-07-02 02:14:35","2024-07-04 04:14:06","Microsoft Windows 10 Pro","0","0","","-1","","72.35","2024-07-02 02:14:35","2024-07-04 05:03:54","50.82"
"C_Data/2","20.07","2024-08-03 04:35:19","2024-08-03 04:56:33","63.07","2024-08-02 19:21:42","2024-08-03 04:56:29","2.07","2024-08-02 02:30:23","2024-08-03 04:55:58","2.07","2024-06-20 21:35:39","2024-08-03 04:50:41","1.07","2024-06-20 21:35:39","2024-08-03 04:55:57","Microsoft Windows 11 Pro","0","0","","9000","unknown:9000","88.35","2024-06-20 21:35:39","2024-08-03 04:56:33","1039.35"
"C_Data/3","50.07","2024-08-17 07:37:54","2024-08-17 08:59:00","25.07","2024-08-03 23:01:09","2024-08-17 08:59:00","1.07","2024-08-03 22:41:07","2024-08-17 08:51:01","1.07","2024-08-04 07:33:49","2024-08-17 08:51:01","1.07","2024-08-04 07:33:49","2024-08-17 08:58:47","Microsoft Windows Server 2016 Standard Evaluation","0","0","","4690","unknown:4690","78.35","2024-08-03 22:41:07","2024-08-17 08:59:00","322.3"
"C_Data/4","20.07","2024-09-04 06:28:43","2024-09-04 21:15:43","50.07","2024-09-03 21:12:09","2024-09-04 21:17:01","1.07","2024-09-03 21:13:17","2024-09-04 21:05:15","1.07","2024-09-03 20:28:25","2024-09-04 20:42:36","1.07","2024-09-03 20:28:25","2024-09-04 20:55:47","Microsoft Windows 11 Education","0","0","","591","unknown:591","73.35","2024-09-03 20:28:25","2024-09-04 21:17:01","24.81"
"C_Data/5","2.07","2024-09-03 20:12:12","2024-09-04 22:19:13","63.07","2024-09-04 02:25:46","2024-09-04 22:20:47","1.07","2024-09-03 22:07:23","2024-09-04 22:12:52","1.07","2024-09-03 20:12:21","2024-09-04 21:58:54","1.07","2024-09-03 20:12:20","2024-09-04 22:20:01","Microsoft Windows 10 Home","0","0","","800","unknown:800","68.35","2024-09-03 20:12:12","2024-09-04 22:20:47","26.14"
"C_Data/6","20.07","2024-09-04 09:09:05","2024-09-05 06:25:47","63.07","2024-09-04 09:08:43","2024-09-05 06:27:53","1.07","2024-09-04 08:21:47","2024-09-05 06:27:53","1.07","2024-09-04 06:40:02","2024-09-05 06:24:53","1.07","2024-09-04 06:40:02","2024-09-05 06:04:09","Microsoft Windows 8","0","0","","246","unknown:246","86.35","2024-09-04 06:40:02","2024-09-05 06:27:53","23.8"
"C_Data/7","13.07","2024-09-05 00:21:58","2024-09-05 01:53:27","43.07","2024-09-04 23:51:15","2024-09-05 01:54:45","1.07","2024-09-04 23:52:07","2024-09-05 01:54:45","1.07","2024-09-05 00:22:08","2024-09-05 01:48:24","1.07","2024-09-05 00:22:08","2024-09-05 01:54:03","Microsoft Windows 10 Pro N","0","0","","444","unknown:444","59.35","2024-09-04 23:51:15","2024-09-05 01:54:45","2.06"
"C_Data/8","10.07","2024-09-05 00:19:08","2024-09-05 01:25:45","8.07","2024-09-04 23:39:53","2024-09-05 01:27:06","1.07","2024-09-04 23:59:09","2024-09-05 01:26:56","1.07","2024-09-05 00:19:17","2024-09-05 01:19:07","1.07","2024-09-05 00:19:17","2024-09-05 01:26:20","Microsoft Windows 10 Pro Workstation","0","0","","500","unknown:500","21.35","2024-09-04 23:39:53","2024-09-05 01:27:06","1.79"
"C_Data/9","2.07","2024-09-05 09:32:15","2024-09-05 11:24:21","6.07","2024-09-05 09:53:52","2024-09-05 11:28:42","1.07","2024-09-05 10:02:46","2024-09-05 11:26:45","1.07","2024-09-05 09:32:21","2024-09-05 11:26:16","1.07","2014-03-22 04:14:08","2024-09-05 11:26:45","Microsoft Windows Server 2012 R2 Standard Evaluation","0","0","","0","","11.35","2014-03-22 04:14:08","2024-09-05 11:28:42","91687.24"
"C_Data/10","19.07","2024-09-05 20:34:50","2024-09-05 20:42:35","63.07","2024-09-05 18:00:21","2024-09-05 20:42:33","1.07","2024-09-05 17:33:22","2024-09-05 20:16:12","1.07","2024-09-05 17:07:58","2024-09-05 19:57:13","1.07","2024-09-05 17:07:58","2024-09-05 20:00:00","Microsoft Windows 10 Pro","0","0","","657","unknown:657","85.35","2024-09-05 17:07:58","2024-09-05 20:42:35","3.58"
"C_Data/11","16.07","2024-09-06 00:37:24","2024-09-06 23:27:06","23.07","2024-09-06 02:35:44","2024-09-06 23:27:59","1.07","2024-09-06 02:37:54","2024-09-06 23:27:39","1.07","2024-09-06 00:37:33","2024-09-06 23:27:39","1.07","2024-09-06 00:37:33","2024-09-06 23:14:56","Microsoft Windows 11 Pro","0","0","","5269","unknown:5269","42.35","2024-09-06 00:37:24","2024-09-06 23:27:59","22.84"
"C_Data/12","123.07","2024-09-06 05:33:59","2024-09-07 09:45:09","27.07","2024-09-06 02:28:22","2024-09-07 09:45:12","1.07","2024-09-06 02:34:06","2024-09-07 09:45:01","1.07","2024-09-06 02:18:48","2024-09-07 09:44:51","1.07","2024-09-06 02:18:48","2024-09-07 09:44:58","Microsoft Windows Server 2019 Standard Evaluation","0","0","","780","unknown:780","153.35","2024-09-06 02:18:48","2024-09-07 09:45:12","31.44"
"C_Data/13","9.07","2024-09-06 00:31:34","2024-09-07 20:07:03","52.07","2024-09-06 00:27:43","2024-09-07 20:08:59","2.07","2024-09-06 00:24:14","2024-09-07 20:07:03","1.07","2024-09-06 00:31:43","2024-09-07 19:58:17","1.07","2024-09-06 00:31:42","2024-09-07 20:00:00","Microsoft Windows 10 Home","10","3","7-Zip 24.08 (x64); Git; Mozilla Firefox (x64 en-GB); Mozilla Maintenance Service; Notepad++ (64-bit x64); Google Chrome; Update for Windows 10 for x64-based Systems (KB5001716); BleachBit; Pycharm; Zoom Workspace","1039","unknown:1039","65.35","2024-09-06 00:24:14","2024-09-07 20:08:59","43.75"
"C_Data/14","20.07","2024-09-08 03:18:05","2024-09-08 04:15:00","64.07","2024-09-07 13:06:36","2024-09-08 04:14:54","1.07","2024-09-06 00:21:41","2024-09-08 04:07:36","1.07","2024-09-06 08:30:06","2024-09-08 03:58:00","1.07","2024-09-06 08:30:06","2024-09-08 04:00:00","Microsoft Windows 8 Enterprise","0","0","","905","unknown:905","87.35","2024-09-06 00:21:41","2024-09-08 04:15:00","51.89"
"C_Data/15","20.07","2024-09-08 03:10:44","2024-09-08 04:20:51","47.07","2024-09-06 09:52:43","2024-09-08 04:22:03","1.07","2024-09-06 09:54:48","2024-09-08 04:20:20","1.07","2024-09-06 09:41:24","2024-09-08 04:11:56","1.07","2014-03-22 04:14:08","2024-09-08 04:20:04","Microsoft Windows Server 2012 R2 Standard Evaluation","0","0","","435","unknown:435","70.35","2014-03-22 04:14:08","2024-09-08 04:22:03","91752.13"
"C_Data/16","20.07","2024-09-08 05:44:14","2024-09-08 06:54:18","4.07","2024-09-05 23:58:24","2024-09-08 06:53:59","1.07","2024-09-05 23:52:02","2024-09-08 06:53:27","1.07","2010-11-21 12:58:31","2024-09-08 06:18:57","1.07","2024-09-06 08:30:26","2024-09-08 06:51:48","Microsoft Windows 7","0","0","","75","unknown:75","27.35","2010-11-21 12:58:31","2024-09-08 06:54:18","120953.93"
"C_Data/17","20.07","2024-09-07 22:02:32","2024-09-07 23:17:47","63.07","2024-09-07 22:26:18","2024-09-07 23:18:12","1.07","2024-09-06 01:47:16","2024-09-07 23:17:28","1.07","2024-09-06 10:22:38","2024-09-07 22:52:40","1.07","2024-09-06 10:22:38","2024-09-07 22:52:40","Microsoft Windows Server 2016 Standard Evaluation","0","0","","332","unknown:332","86.35","2024-09-06 01:47:16","2024-09-07 23:18:12","45.52"
"C_Data/18","20.07","2024-09-08 00:07:02","2024-09-08 00:11:30","29.07","2024-09-06 01:01:21","2024-09-08 00:11:30","1.07","2024-09-06 01:03:05","2024-09-08 00:10:35","1.07","2024-09-06 09:45:02","2024-09-08 00:02:10","1.07","2024-09-06 09:45:02","2024-09-08 00:09:19","Microsoft Windows Server 2019 Standard Evaluation","0","0","","1327","unknown:1327","52.35","2024-09-06 01:01:21","2024-09-08 00:11:30","47.17"
"C_Data/19","1.07","2024-09-06 00:31:34","2024-09-08 03:23:59","41.07","2024-09-06 00:27:43","2024-09-08 03:28:25","1.07","2024-09-06 00:24:14","2024-09-08 03:26:40","1.07","2024-09-06 00:31:43","2024-09-08 03:26:33","1.07","2024-09-06 00:31:42","2024-09-08 02:35:37","Microsoft Windows 10 Home","40","19","7-Zip 24.08 (x64); Docker Desktop; Evernote 10.104.3 (All Users); Git; Mozilla Firefox (x64 en-GB); Mozilla Maintenance Service; Notepad++ (64-bit x64); VLC media player; Python 3.12.5 Standard Library (64-bit); Python 3.12.5 Add to Path (64-bit); Node.js; Python 3.12.5 Documentation (64-bit); Python 3.12.5 Executables (64-bit); Microsoft Visual C++ 2022 X64 Additional Runtime - 14.40.33810","578","unknown:578","45.35","2024-09-06 00:24:14","2024-09-08 03:28:25","51.07"
"C_Data/20","20.07","2024-09-06 02:12:26","2024-09-08 09:20:54","37.07","2024-09-06 02:35:44","2024-09-08 09:21:43","2.07","2024-09-06 02:37:54","2024-09-08 09:15:20","1.07","2024-09-06 00:37:33","2024-09-08 08:56:35","1.07","2024-09-06 00:37:33","2024-09-08 08:52:53","Microsoft Windows 11 Home","24","4","7-Zip 24.08 (x64); Git; Mozilla Firefox (x64 en-GB); Mozilla Maintenance Service; Notepad++ (64-bit x64); VLC media player; Microsoft Visual C++ 2022 X64 Additional Runtime - 14.40.33810; Microsoft Visual C++ 2008 Redistributable - x64 9.0.30729.6161; Google Chrome; blender; Microsoft Visual C++ 2022 X64 Minimum Runtime - 14.40.33810; Microsoft Edge; Microsoft Edge Update; Microsoft Edge WebView2 Runtime","899","unknown:899","61.35","2024-09-06 00:37:33","2024-09-08 09:21:43","56.74"
"C_Data/21","19.07","2024-09-08 09:09:19","2024-09-08 09:13:02","17.07","2024-09-08 06:41:19","2024-09-08 09:13:00","1.07","2024-09-08 06:42:04","2024-09-08 09:11:24","1.07","2024-09-08 04:39:52","2024-09-08 09:01:49","1.07","2024-09-08 04:39:52","2024-09-08 09:01:47","Microsoft Windows 10 Pro","30","14","7-Zip 24.08 (x64); Git; Mozilla Firefox (x64 en-GB); Mozilla Maintenance Service; Notepad++ (64-bit x64); Shotcut; VLC media player; Python 3.12.5 Standard Library (64-bit); Python 3.12.5 Add to Path (64-bit); Node.js; Python 3.12.5 Documentation (64-bit); Python 3.12.5 Executables (64-bit); Microsoft Visual C++ 2022 X64 Additional Runtime - 14.40.33810; Google Chrome","1561","unknown:1561","39.35","2024-09-08 04:39:52","2024-09-08 09:13:02","4.55"
"C_Data/22","19.07","2024-09-08 19:36:54","2024-09-08 19:43:28","31.07","2024-09-08 07:05:08","2024-09-08 19:43:25","1.07","2024-09-08 07:07:13","2024-09-08 19:40:52","1.07","2024-09-08 04:42:30","2024-09-08 19:40:27","1.07","2024-09-08 04:42:30","2024-09-08 19:41:51","Microsoft Windows 11 Pro","37","17","7-Zip 24.08 (x64); AutoHotkey 1.1.37.01; CCleaner; Git; Mozilla Firefox (x64 en-GB); Mozilla Maintenance Service; Notepad++ (64-bit x64); SumatraPDF; VLC media player; Python 3.12.5 Standard Library (64-bit); Python 3.12.5 Add to Path (64-bit); Malwarebytes version 5.1.10.127; Node.js; Python 3.12.5 Documentation (64-bit)","9000","unknown:9000","53.35","2024-09-08 04:42:30","2024-09-08 19:43:28","15.02"
"C_Data/23","20.07","2024-09-09 09:22:44","2024-09-09 10:22:00","17.07","2024-09-06 00:20:40","2024-09-09 10:22:03","1.07","2024-09-06 00:21:41","2024-09-09 10:18:14","1.07","2024-09-06 08:30:06","2024-09-09 09:44:43","1.07","2024-09-06 08:30:06","2024-09-09 09:41:08","Microsoft Windows 8","0","0","","323","unknown:323","40.35","2024-09-06 00:20:40","2024-09-09 10:22:03","82.02"
"C_Data/24","19.07","2024-09-09 03:52:11","2024-09-09 03:56:39","26.07","2024-09-08 06:41:19","2024-09-09 03:56:41","1.07","2024-09-08 06:42:04","2024-09-09 03:56:05","1.07","2024-09-08 04:39:52","2024-09-09 03:51:15","1.07","2024-09-08 04:39:52","2024-09-09 03:50:08","Microsoft Windows 10 Pro","39","15","7-Zip 24.08 (x64); Audacity 3.6.2; GIMP 2.10.38; Git; Mozilla Firefox (x64 en-GB); Mozilla Maintenance Service; Notepad++ (64-bit x64); VLC media player; Python 3.12.5 Standard Library (64-bit); Python 3.12.5 Add to Path (64-bit); Node.js; Python 3.12.5 Documentation (64-bit); Python 3.12.5 Executables (64-bit); Microsoft Visual C++ 2022 X64 Additional Runtime - 14.40.33810","1290","unknown:1290","48.35","2024-09-08 04:39:52","2024-09-09 03:56:41","23.28"
"C_Data/25","20.07","2024-09-06 02:00:28","2024-09-09 04:19:26","37.07","2024-09-06 02:35:44","2024-09-09 04:19:46","1.07","2024-09-06 02:37:54","2024-09-09 04:14:15","1.07","2024-09-06 00:37:33","2024-09-09 03:01:10","1.07","2024-09-06 00:37:33","2024-09-09 04:15:16","Microsoft Windows 11 Home","51","15","7-Zip 24.08 (x64); Audacity 3.6.2; GIMP 2.10.38; Git; Krita (x64) 5.2.3 (git 68d178c); Mozilla Firefox (x64 en-GB); Mozilla Maintenance Service; Notepad++ (64-bit x64); Shotcut; Python 3.12.5 Standard Library (64-bit); Python 3.12.5 Add to Path (64-bit); Inkscape; Node.js; Microsoft .NET Host - 8.0.8 (x64)","772","unknown:772","60.35","2024-09-06 00:37:33","2024-09-09 04:19:46","75.7"
"C_Data/26","19.07","2024-09-09 05:09:27","2024-09-09 05:13:45","21.07","2024-09-08 06:41:19","2024-09-09 05:13:40","1.07","2024-09-08 06:42:04","2024-09-09 05:13:26","1.07","2024-09-08 04:39:52","2024-09-09 04:56:20","1.07","2024-09-08 04:39:52","2024-09-09 04:47:27","Microsoft Windows 10 Pro","23","4","7-Zip 24.08 (x64); Git; Mozilla Firefox (x64 en-GB); Mozilla Maintenance Service; Notepad++ (64-bit x64); VLC media player; Microsoft Visual C++ 2022 X64 Additional Runtime - 14.40.33810; Microsoft Visual C++ 2008 Redistributable - x64 9.0.30729.6161; Google Chrome; blender; Microsoft Visual C++ 2022 X64 Minimum Runtime - 14.40.33810; Microsoft Edge; Microsoft Edge Update; OBS Studio","984","unknown:984","43.35","2024-09-08 04:39:52","2024-09-09 05:13:45","24.56"
"C_Data/27","20.07","2024-09-06 02:00:44","2024-09-09 20:05:20","45.07","2024-09-06 02:35:44","2024-09-09 20:05:56","1.07","2024-09-06 02:37:54","2024-09-09 20:01:16","1.07","2024-09-06 00:37:33","2024-09-09 20:01:16","1.07","2024-09-06 00:37:33","2024-09-09 20:00:00","Microsoft Windows 11 Home","48","15","Joplin 3.0.15; 7-Zip 24.08 (x64); GIMP 2.10.38; Git; IrfanView 4.67 (64-bit); Krita (x64) 5.2.3 (git 68d178c); Logitech Options; Mozilla Firefox (x64 en-GB); Mozilla Maintenance Service; Notepad++ (64-bit x64); Python 3.12.6 Tcl/Tk Support (64-bit); Python 3.12.6 pip Bootstrap (64-bit); Python 3.12.6 Standard Library (64-bit); Inkscape","884","unknown:884","68.35","2024-09-06 00:37:33","2024-09-09 20:05:56","91.47"
"C_Data/28","2.07","2024-09-06 00:31:34","2024-09-09 19:51:18","39.07","2024-09-06 00:27:43","2024-09-09 19:59:08","1.07","2024-09-06 00:24:14","2024-09-09 19:54:06","1.07","2024-09-06 00:31:43","2024-09-09 19:57:14","1.07","2024-09-06 00:31:42","2024-09-09 19:20:21","Microsoft Windows 10 Home","37","15","7-Zip 24.08 (x64); Mozilla Firefox (x64 en-GB); Mozilla Maintenance Service; Notepad++ (64-bit x64); paint.net; Python 3.12.6 Tcl/Tk Support (64-bit); Python 3.12.6 pip Bootstrap (64-bit); Python 3.12.6 Standard Library (64-bit); Python 3.12.6 Development Libraries (64-bit); Python 3.12.6 Test Suite (64-bit); Node.js; Python 3.12.6 Add to Path (64-bit); Python 3.12.6 Documentation (64-bit); Python 3.12.6 Executables (64-bit)","699","unknown:699","44.35","2024-09-06 00:24:14","2024-09-09 19:59:08","91.58"
"C_Data/29","19.07","2024-09-09 19:49:52","2024-09-09 19:57:37","29.07","2024-09-08 06:41:19","2024-09-09 19:57:31","1.07","2024-09-08 06:42:04","2024-09-09 19:54:06","1.07","2024-09-08 04:39:52","2024-09-09 19:29:20","1.07","2024-09-08 04:39:52","2024-09-09 19:19:29","Microsoft Windows 10 Pro","47","13","7-Zip 24.08 (x64); Mozilla Firefox (x64 en-GB); Mozilla Maintenance Service; Notepad++ (64-bit x64); SumatraPDF; TeamViewer; VLC media player; Python 3.12.6 Tcl/Tk Support (64-bit); Microsoft ODBC Driver 17 for SQL Server; Python 3.12.6 pip Bootstrap (64-bit); Python 3.12.6 Standard Library (64-bit); Python 3.12.6 Development Libraries (64-bit); Python 3.12.6 Test Suite (64-bit); Vagrant","1582","unknown:1582","51.35","2024-09-08 04:39:52","2024-09-09 19:57:37","39.3"
"C_Data/30","2.07","2024-09-06 00:31:34","2024-09-09 22:59:20","29.07","2024-09-06 00:27:43","2024-09-09 22:03:12","1.07","2024-09-06 00:24:14","2024-09-09 22:02:46","1.07","2024-09-06 00:31:43","2024-09-09 22:00:44","1.07","2024-09-06 00:31:42","2024-09-09 21:52:54","Microsoft Windows 10 Home","23","8","7-Zip 24.08 (x64); Mozilla Firefox (x64 en-GB); Mozilla Maintenance Service; Notepad++ (64-bit x64); VLC media player; WinMerge 2.16.42.1 x64; Microsoft Visual C++ 2022 X64 Additional Runtime - 14.40.33810; VeraCrypt 1.26.14; Google Chrome; Microsoft Visual C++ 2022 X64 Minimum Runtime - 14.40.33810; Zoom Workplace (64-bit); Microsoft Visual Studio Code; Microsoft Edge; Microsoft Edge Update","681","unknown:681","34.35","2024-09-06 00:24:14","2024-09-09 22:59:20","94.59"
"C_Data/31","20.07","2024-09-09 21:09:42","2024-09-09 22:24:22","29.07","2024-09-08 07:05:08","2024-09-09 22:23:50","2.07","2024-09-08 07:07:13","2024-09-09 22:02:05","1.07","2024-09-08 04:42:30","2024-09-09 21:59:17","1.07","2024-09-08 04:42:30","2024-09-09 21:50:15","Microsoft Windows 11 Pro","11","3","7-Zip 24.08 (x64); Mozilla Firefox (x64 en-GB); Mozilla Maintenance Service; Notepad++ (64-bit x64); Google Chrome; Puppet (64-bit); Microsoft Edge; Microsoft Edge Update; Microsoft Edge WebView2 Runtime; PhpStorm 2024.2.1; Wazuh Agent","9000","unknown:9000","53.35","2024-09-08 04:42:30","2024-09-09 22:24:22","41.7"
"C_Data/32","20.07","2024-09-09 21:23:03","2024-09-09 23:07:54","28.07","2024-09-08 06:41:19","2024-09-09 23:10:07","1.07","2024-09-08 06:42:04","2024-09-09 21:59:33","1.07","2024-09-08 04:39:52","2024-09-09 21:59:50","1.07","2024-09-08 04:39:52","2024-09-09 21:57:37","Microsoft Windows 10 Pro","44","13","7-Zip 24.08 (x64); Audacity 3.6.2; darktable; GIMP 2.10.38; ImageMagick 7.1.1-38 Q16-HDRI (64-bit) (2024-09-01); Krita (x64) 5.2.3 (git 68d178c); Mozilla Firefox (x64 en-GB); Mozilla Maintenance Service; Notepad++ (64-bit x64); paint.net; Python 3.12.6 Tcl/Tk Support (64-bit); Python 3.12.6 pip Bootstrap (64-bit); Python 3.12.6 Standard Library (64-bit); Inkscape","1293","unknown:1293","51.35","2024-09-08 04:39:52","2024-09-09 23:10:07","42.5"
"C_Data/33","20.07","2024-09-10 08:56:43","2024-09-10 09:04:48","30.07","2024-09-06 01:01:21","2024-09-10 09:02:25","1.07","2024-09-06 01:03:05","2024-09-10 09:00:37","1.07","2024-09-06 09:45:02","2024-09-10 08:59:12","1.07","2024-09-06 09:45:02","2024-09-10 08:59:37","Microsoft Windows Server 2019 Standard Evaluation","29","13","7-Zip 24.08 (x64); Everything 1.4.1.1026 (x64); GIMP 2.10.38; Git; Mozilla Firefox (x64 en-US); Mozilla Maintenance Service; Notepad++ (64-bit x64); Python 3.12.6 Tcl/Tk Support (64-bit); Python 3.12.6 pip Bootstrap (64-bit); Python 3.12.6 Standard Library (64-bit); Python 3.12.6 Development Libraries (64-bit); Python 3.12.6 Test Suite (64-bit); Python 3.12.6 Add to Path (64-bit); Python 3.12.6 Documentation (64-bit)","1401","unknown:1401","53.35","2024-09-06 01:01:21","2024-09-10 09:04:48","104.06"
"C_Data/34","20.07","2024-09-10 09:03:22","2024-09-10 09:05:46","40.07","2024-09-06 01:44:42","2024-09-10 09:07:58","1.07","2024-09-06 01:47:16","2024-09-10 09:05:46","1.07","2024-09-06 10:22:38","2024-09-10 09:04:43","1.07","2024-09-06 10:22:38","2024-09-10 09:05:46","Microsoft Windows Server 2016 Standard Evaluation","0","0","","549","unknown:549","63.35","2024-09-06 01:44:42","2024-09-10 09:07:58","103.39"
"C_Data/35","20.07","2024-09-10 09:16:28","2024-09-10 09:17:48","24.07","2024-09-10 08:21:49","2024-09-10 09:19:47","1.07","2024-09-10 08:17:45","2024-09-10 09:05:13","1.07","2024-09-10 07:46:01","2024-09-10 09:05:13","1.07","2024-09-10 07:46:01","2024-09-10 09:16:46","Microsoft Windows Server 2022 Standard Evaluation","41","14","7-Zip 24.08 (x64); Git; IrfanView 4.67 (64-bit); Mozilla Firefox (x64 en-US); Mozilla Maintenance Service; Notepad++ (64-bit x64); Python 3.12.6 Tcl/Tk Support (64-bit); Python 3.12.6 pip Bootstrap (64-bit); Python 3.12.6 Standard Library (64-bit); Inkscape; Python 3.12.6 Development Libraries (64-bit); Python 3.12.6 Test Suite (64-bit); Microsoft .NET Host - 8.0.8 (x64); Python 3.12.6 Add to Path (64-bit)","1473","unknown:1473","47.35","2024-09-10 07:46:01","2024-09-10 09:19:47","1.56"
"C_Data/36","19.07","2024-09-10 18:30:38","2024-09-10 18:38:16","26.07","2024-09-08 06:41:19","2024-09-10 18:35:38","1.07","2024-09-08 06:42:04","2024-09-10 18:34:37","1.07","2024-09-08 04:39:52","2024-09-10 18:15:46","1.07","2024-09-08 04:39:52","2024-09-10 18:15:27","Microsoft Windows 10 Pro","42","15","7-Zip 24.08 (x64); Audacity 3.6.3; ImageMagick 7.1.1-38 Q16-HDRI (64-bit) (2024-09-01); Krita (x64) 5.2.3 (git 68d178c); Mozilla Firefox (x64 en-GB); Mozilla Maintenance Service; Notepad++ (64-bit x64); Python 3.12.6 Tcl/Tk Support (64-bit); Python 3.12.6 pip Bootstrap (64-bit); Python 3.12.6 Standard Library (64-bit); MPC-HC 1.7.13 (64-bit); Python 3.12.6 Development Libraries (64-bit); Python 3.12.6 Test Suite (64-bit); Microsoft .NET Host - 8.0.8 (x64)","1319","unknown:1319","48.35","2024-09-08 04:39:52","2024-09-10 18:38:16","61.97"
"C_Data/37","19.07","2024-09-10 18:29:53","2024-09-10 18:46:16","59.07","2024-09-08 07:05:08","2024-09-10 18:44:10","2.07","2024-09-08 07:07:13","2024-09-10 18:40:28","1.07","2024-09-08 04:42:30","2024-09-10 18:23:33","1.07","2024-09-08 04:42:30","2024-09-10 18:29:12","Microsoft Windows 11 Pro","50","16","Joplin 3.0.15; 7-Zip 24.08 (x64); IrfanView 4.67 (64-bit); Krita (x64) 5.2.3 (git 68d178c); Logitech Options; Miniconda3 py39_4.12.0 (Python 3.9.12 64-bit); Mozilla Firefox (x64 en-GB); Mozilla Maintenance Service; Notepad++ (64-bit x64); Python 3.12.6 Tcl/Tk Support (64-bit); Python 3.12.6 pip Bootstrap (64-bit); Python 3.12.6 Standard Library (64-bit); Inkscape; Python 3.12.6 Development Libraries (64-bit)","16154","unknown:16154","82.35","2024-09-08 04:42:30","2024-09-10 18:46:16","62.06"
"C_Data/38","9.07","2024-09-06 00:31:34","2024-09-10 23:52:50","63.07","2024-09-10 20:08:27","2024-09-10 23:54:05","1.07","2024-09-06 00:24:14","2024-09-10 23:52:50","1.07","2024-09-06 00:31:43","2024-09-10 23:45:44","1.07","2024-09-06 00:31:42","2024-09-10 23:51:24","Microsoft Windows 10 Home","42","14","7-Zip 24.08 (x64); AutoHotkey 1.1.37.01; GIMP 2.10.38; Git; JDownloader 2; Mozilla Firefox (x64 en-GB); Mozilla Thunderbird (x64 en-GB); Mozilla Maintenance Service; Notepad++ (64-bit x64); Octave 9.2.0; TeamViewer; VLC media player; WinRAR 7.01 (64-bit); CamStudio 2.7","1511","unknown:1511","75.35","2024-09-06 00:24:14","2024-09-10 23:54:05","119.5"
"C_Data/39","20.07","2024-09-06 02:00:25","2024-09-10 23:35:50","40.07","2024-09-06 02:35:44","2024-09-10 23:35:50","2.07","2024-09-06 02:37:54","2024-09-10 23:35:50","1.07","2024-09-06 00:37:33","2024-09-10 23:28:35","1.07","2024-09-06 00:37:33","2024-09-10 23:35:49","Microsoft Windows 11 Home","17","4","CCleaner; Mozilla Firefox (x64 en-GB); Mozilla Maintenance Service; Notepad++ (64-bit x64); WinRAR 7.01 (64-bit); OpenShot Video Editor 3.1.1; Microsoft Visual C++ 2008 Redistributable - x64 9.0.30729.6161; Google Chrome; Go Programming Language amd64 go1.23.1; Dia (remove only); Microsoft Edge; Microsoft Edge Update; Microsoft Edge WebView2 Runtime; Ruby 3.3.5-1-x64","1571","unknown:1571","64.35","2024-09-06 00:37:33","2024-09-10 23:35:50","118.97"
"C_Data/40","19.07","2024-09-10 23:20:30","2024-09-10 23:44:42","50.07","2024-09-08 07:05:08","2024-09-10 23:44:25","2.07","2024-09-08 07:07:13","2024-09-10 23:43:06","1.07","2024-09-08 04:42:30","2024-09-10 23:31:50","1.07","2024-09-08 04:42:30","2024-09-10 23:43:04","Microsoft Windows 11 Pro","24","4","AutoHotkey 1.1.37.01; Notepad++ (64-bit x64); PotPlayer-64 bit; R for Windows 4.4.1; TeamViewer; PeaZip 9.9.1 (WIN64); Microsoft Visual Studio Installer; Adobe Acrobat (64-bit); Microsoft Visual Studio Code; Balabolka; Visual Studio Community 2019; Microsoft Edge; Microsoft Edge Update; Microsoft Edge WebView2 Runtime","48542","unknown:48542","73.35","2024-09-08 04:42:30","2024-09-10 23:44:42","67.04"
"C_Data/41","19.07","2024-09-11 00:57:51","2024-09-11 01:03:50","36.07","2024-09-08 06:41:19","2024-09-11 01:03:51","1.07","2024-09-08 06:42:04","2024-09-11 01:00:58","1.07","2024-09-08 04:39:52","2024-09-11 01:03:24","1.07","2024-09-08 04:39:52","2024-09-11 01:01:52","Microsoft Windows 10 Pro","26","4","AutoHotkey 1.1.37.01; Mozilla Firefox (x64 en-GB); Mozilla Maintenance Service; Notepad++ (64-bit x64); PotPlayer-64 bit; R for Windows 4.4.1; TeamViewer; PeaZip 9.9.1 (WIN64); Microsoft Visual Studio Installer; Adobe Acrobat (64-bit); Microsoft Visual Studio Code; Balabolka; Visual Studio Community 2019; Microsoft Edge","2715","unknown:2715","58.35","2024-09-08 04:39:52","2024-09-11 01:03:51","68.4"
"C_Data/42","20.07","2024-09-11 01:18:44","2024-09-11 04:28:46","60.07","2024-09-06 02:35:44","2024-09-11 04:29:15","3.07","2024-09-06 02:37:54","2024-09-11 04:28:50","1.07","2024-09-06 00:37:33","2024-09-11 04:27:48","1.07","2024-09-06 00:37:33","2024-09-11 04:28:54","Microsoft Windows 11 Home","42","16","7-Zip 24.08 (x64); Audacity 3.6.3; Docker Desktop; GIMP 2.10.38; Git; Mozilla Firefox (x64 en-GB); Mozilla Maintenance Service; Notepad++ (64-bit x64); VLC media player; Python 3.12.6 Tcl/Tk Support (64-bit); Python 3.12.6 pip Bootstrap (64-bit); Python 3.12.6 Standard Library (64-bit); Python 3.12.6 Development Libraries (64-bit); Python 3.12.6 Test Suite (64-bit)","1510","unknown:1510","85.35","2024-09-06 00:37:33","2024-09-11 04:29:15","123.86"
"C_Data/43","19.07","2024-09-11 19:13:16","2024-09-11 19:23:57","49.07","2024-09-08 06:41:19","2024-09-11 19:23:50","1.07","2024-09-08 06:42:04","2024-09-11 19:18:21","1.07","2024-09-08 04:39:52","2024-09-11 19:07:40","1.07","2024-09-08 04:39:52","2024-09-11 19:05:46","Microsoft Windows 10 Pro","55","8","Joplin 3.0.15; Krita (x64) 5.2.3 (git 68d178c); Logitech Options; WinRAR 7.01 (64-bit); paint.net; Microsoft.NET.Sdk.Maui.Manifest-8.0.100 (x64); Microsoft ASP.NET Core 8.0.8 Shared Framework (x64); Inkscape; Microsoft .NET Host - 8.0.8 (x64); Microsoft Windows Desktop Targeting Pack - 8.0.8 (x64); Microsoft.NET.Workload.Mono.Toolchain.net7.Manifest (x64); Microsoft.NET.Workload.Emscripten.net7.Manifest (x64); Microsoft.NET.Sdk.tvOS.Manifest-8.0.100 (x64); Microsoft Visual C++ 2022 X64 Additional Runtime - 14.40.33810","4420","unknown:4420","71.35","2024-09-08 04:39:52","2024-09-11 19:23:57","86.73"
"C_Data/44","19.07","2024-09-11 19:13:34","2024-09-11 19:31:12","46.07","2024-09-08 07:05:08","2024-09-11 19:31:20","2.07","2024-09-08 07:07:13","2024-09-11 19:25:25","1.07","2024-09-08 04:42:30","2024-09-11 19:07:30","1.07","2024-09-08 04:42:30","2024-09-11 19:26:24","Microsoft Windows 11 Pro","31","3","Audacity 3.6.3; AutoHotkey 1.1.37.01; FreeCAD 0.21.2; JDownloader 2; MiKTeX; OpenSCAD (remove only); Sweet Home 3D version 7.5; Microsoft Visual C++ 2022 X64 Additional Runtime - 14.40.33810; Microsoft Visual C++ 2008 Redistributable - x64 9.0.30729.6161; Microsoft Visual C++ 2022 X64 Minimum Runtime - 14.40.33810; Transmission 4.0.6 (38c164933e) (x64); FreeMind; Deluge 2.1.1; GeoGebra 5","6850","unknown:6850","69.35","2024-09-08 04:42:30","2024-09-11 19:31:20","86.81"
"C_Data/45","20.07","2024-09-06 02:00:22","2024-09-11 20:48:52","23.07","2024-09-06 02:35:44","2024-09-11 20:49:09","1.07","2024-09-06 02:37:54","2024-09-11 20:49:02","1.07","2024-09-06 00:37:33","2024-09-11 20:48:47","1.07","2024-09-06 00:37:33","2024-09-11 20:47:21","Microsoft Windows 11 Home","11","1","7-Zip 24.08 (x64); Mozilla Firefox (x64 en-GB); Mozilla Maintenance Service; Notepad++ (64-bit x64); TeamViewer; Webex; Zoom Workplace (64-bit); Microsoft Edge; Microsoft Edge Update; Microsoft Edge WebView2 Runtime; Wazuh Agent","801","unknown:801","46.35","2024-09-06 00:37:33","2024-09-11 20:49:09","140.19"
"C_Data/46","3.07","2024-09-06 00:31:34","2024-09-11 21:02:01","37.07","2024-09-06 00:27:43","2024-09-11 20:51:15","1.07","2024-09-06 00:24:14","2024-09-11 20:51:15","1.07","2024-09-06 00:31:43","2024-09-11 20:49:06","1.07","2024-09-06 00:31:42","2024-09-11 20:39:20","Microsoft Windows 10 Home","28","1","7-Zip 24.08 (x64); Audacity 3.6.3; Mozilla Firefox (x64 en-GB); Mozilla Maintenance Service; Notepad++ (64-bit x64); OpenSCAD (remove only); REAPER (x64); Shotcut; TuxGuitar; CamStudio 2.7; Microsoft Update Health Tools; OpenShot Video Editor 3.1.1; Microsoft Visual C++ 2022 X64 Additional Runtime - 14.40.33810; Mixxx","706","unknown:706","43.35","2024-09-06 00:24:14","2024-09-11 21:02:01","140.63"
"C_Data/47","20.07","2024-09-12 05:16:14","2024-09-12 06:52:22","25.07","2024-09-10 03:38:25","2024-09-12 06:52:23","1.07","2024-09-10 03:40:08","2024-09-12 06:51:18","1.07","2024-09-10 03:02:28","2024-09-12 06:52:00","1.07","2024-09-10 03:02:27","2024-09-12 06:45:49","Microsoft Windows 8.1","0","0","","533","unknown:533","48.35","2024-09-10 03:02:27","2024-09-12 06:52:23","51.83"
"C_Data/48","19.07","2024-09-11 23:07:59","2024-09-11 23:33:11","63.07","2024-09-11 21:16:15","2024-09-11 23:33:21","2.07","2024-09-08 07:07:13","2024-09-11 23:16:32","1.07","2024-09-08 04:42:30","2024-09-11 23:12:13","1.07","2024-09-08 04:42:30","2024-09-11 23:29:11","Microsoft Windows 11 Pro","32","2","Audacity 3.6.3; FreeCAD 0.21.2; GIMP 2.10.38; Krita (x64) 5.2.3 (git 68d178c); REAPER (x64); Shotcut; TuxGuitar; CamStudio 2.7; Inkscape; Camtasia 2024; OpenShot Video Editor 3.1.1; Microsoft Visual C++ 2022 X64 Additional Runtime - 14.40.33810; Microsoft Visual C++ 2008 Redistributable - x64 9.0.30729.6161; Mixxx","6755","unknown:6755","86.35","2024-09-08 04:42:30","2024-09-11 23:33:21","90.85"
"C_Data/49","20.07","2024-09-11 23:06:50","2024-09-11 23:39:54","63.07","2024-09-11 21:51:28","2024-09-11 23:40:00","1.07","2024-09-08 06:42:04","2024-09-11 23:37:46","1.07","2024-09-08 04:39:52","2024-09-11 23:31:52","1.07","2024-09-08 04:39:52","2024-09-11 23:32:49","Microsoft Windows 10 Pro","31","12","Notepad++ (64-bit x64); Octave 9.2.0; scilab-2024.1.0 (64-bit); Vim 9.1 (x64); Python 3.12.6 Tcl/Tk Support (64-bit); Python 3.12.6 pip Bootstrap (64-bit); Python 3.12.6 Standard Library (64-bit); Microsoft Update Health Tools; Python 3.12.6 Development Libraries (64-bit); Python 3.12.6 Test Suite (64-bit); Python 3.12.6 Add to Path (64-bit); Python 3.12.6 Documentation (64-bit); Python 3.12.6 Executables (64-bit); Microsoft Visual C++ 2022 X64 Additional Runtime - 14.40.33810","3149","unknown:3149","86.35","2024-09-08 04:39:52","2024-09-11 23:40:00","91"
"C_Data/50","20.07","2024-09-12 08:51:29","2024-09-12 08:55:12","26.07","2024-09-10 08:21:49","2024-09-12 08:55:18","1.07","2024-09-10 08:17:45","2024-09-12 08:54:38","1.07","2024-09-10 07:46:01","2024-09-12 08:50:29","1.07","2024-09-10 07:46:01","2024-09-12 08:53:52","Microsoft Windows Server 2022 Standard Evaluation","21","5","7-Zip 24.08 (x64); AutoHotkey 1.1.37.01; Mozilla Firefox (x64 en-US); Mozilla Maintenance Service; Notepad++ (64-bit x64); Malwarebytes version 5.1.10.127; Microsoft Visual C++ 2022 X64 Additional Runtime - 14.40.33810; OpenVPN 2.6.12-I001 amd64; VeraCrypt 1.26.15; Microsoft Visual C++ 2022 X64 Minimum Runtime - 14.40.33810; KeePass Password Safe 2.57; Microsoft Edge; Microsoft Edge Update; Nmap 7.95","1593","unknown:1593","49.35","2024-09-10 07:46:01","2024-09-12 08:55:18","49.15"
"C_Data/51","20.07","2024-09-06 01:08:55","2024-09-12 01:09:48","63.07","2024-09-11 23:57:27","2024-09-12 01:10:33","1.07","2024-09-06 02:37:54","2024-09-12 01:06:49","1.07","2024-09-06 00:37:33","2024-09-12 00:47:29","1.07","2024-09-06 00:37:33","2024-09-12 01:06:50","Microsoft Windows 11 Home","12","4","SoapUI 5.7.2; 7-Zip 24.08 (x64); Mozilla Firefox (x64 en-GB); Mozilla Maintenance Service; Notepad++ (64-bit x64); Java 8 Update 421 (64-bit); Microsoft Edge; Microsoft Edge Update; Microsoft Edge WebView2 Runtime; Java Auto Updater; Wazuh Agent; Java 8 Update 421","795","unknown:795","86.35","2024-09-06 00:37:33","2024-09-12 01:10:33","144.55"
"C_Data/52","19.07","2024-09-12 20:28:41","2024-09-12 20:43:35","49.07","2024-09-08 07:05:08","2024-09-12 20:43:32","1.07","2024-09-08 07:07:13","2024-09-12 20:41:47","1.07","2024-09-08 04:42:30","2024-09-12 20:24:43","1.07","2024-09-08 04:42:30","2024-09-12 20:41:35","Microsoft Windows 11 Pro","25","3","BlueStacks App Player; CCleaner; CPUID CPU-Z 2.09; CPUID HWMonitor 1.54; Defraggler; Everything 1.4.1.1026 (x64); Mozilla Firefox (x64 en-GB); Mozilla Maintenance Service; 'PostgreSQL 16 '; TreeSize V9.1.5; WinMerge 2.16.42.1 x64; Microsoft Visual C++ 2022 X64 Additional Runtime - 14.40.33810; Google Chrome; Microsoft Visual C++ 2022 X64 Minimum Runtime - 14.40.33810","8021","unknown:8021","71.35","2024-09-08 04:42:30","2024-09-12 20:43:35","112.02"
"C_Data/53","19.07","2024-09-12 20:27:40","2024-09-12 20:35:29","31.07","2024-09-08 06:41:19","2024-09-12 20:35:37","1.07","2024-09-08 06:42:04","2024-09-12 20:31:38","1.07","2024-09-08 04:39:52","2024-09-12 19:24:33","1.07","2024-09-08 04:39:52","2024-09-12 20:00:00","Microsoft Windows 10 Pro","8","2","SoapUI 5.7.2; Mozilla Firefox (x64 en-GB); Mozilla Maintenance Service; Google Chrome; Microsoft Edge; Microsoft Edge Update; Microsoft Edge WebView2 Runtime; Wazuh Agent","4415","unknown:4415","53.35","2024-09-08 04:39:52","2024-09-12 20:35:37","111.93"
"C_Data/54","20.07","2024-09-06 02:00:26","2024-09-12 20:41:34","29.07","2024-09-06 02:35:44","2024-09-12 20:41:39","2.07","2024-09-06 02:37:54","2024-09-12 20:41:37","1.07","2024-09-06 00:37:33","2024-09-12 20:36:58","1.07","2024-09-06 00:37:33","2024-09-12 20:41:38","Microsoft Windows 11 Home","32","1","Streamlabs Desktop 1.17.0; Mozilla Firefox (x64 en-GB); Mozilla Maintenance Service; Notepad++ (64-bit x64); TeamSpeak 3 Client; Mumble (client); Microsoft Visual C++ 2010  x64 Redistributable - 10.0.40219; Microsoft Visual C++ 2013 x64 Additional Runtime - 12.0.40660; Microsoft Visual C++ 2022 X64 Additional Runtime - 14.40.33810; Slack (Machine - MSI); Slack (Machine); Microsoft Visual C++ 2022 X64 Minimum Runtime - 14.40.33810; Microsoft Visual C++ 2013 x64 Minimum Runtime - 12.0.40660; Zoom Workplace (64-bit)","704","unknown:704","53.35","2024-09-06 00:37:33","2024-09-12 20:41:39","164.07"
"C_Data/55","19.07","2024-09-12 22:51:12","2024-09-12 23:01:20","31.07","2024-09-08 06:41:19","2024-09-12 23:01:22","1.07","2024-09-08 06:42:04","2024-09-12 23:01:00","1.07","2024-09-08 04:39:52","2024-09-12 22:57:44","1.07","2024-09-08 04:39:52","2024-09-12 22:59:33","Microsoft Windows 10 Pro","23","2","7-Zip 24.08 (x64); Audacity 3.6.3; GIMP 2.10.38; Mozilla Firefox (x64 en-GB); Mozilla Maintenance Service; Notepad++ (64-bit x64); VLC media player; WinMerge 2.16.42.1 x64; Microsoft Update Health Tools; Microsoft Visual C++ 2022 X64 Additional Runtime - 14.40.33810; Update for Windows 10 for x64-based Systems (KB5001716); Google Chrome; Microsoft Visual C++ 2022 X64 Minimum Runtime - 14.40.33810; Dropbox","6830","unknown:6830","53.35","2024-09-08 04:39:52","2024-09-12 23:01:22","114.36"
"C_Data/56","19.07","2024-09-12 22:52:16","2024-09-12 23:07:33","40.07","2024-09-08 07:05:08","2024-09-12 23:07:30","2.07","2024-09-08 07:07:13","2024-09-12 23:03:57","1.07","2024-09-08 04:42:30","2024-09-12 23:01:12","1.07","2024-09-08 04:42:30","2024-09-12 23:05:34","Microsoft Windows 11 Pro","26","15","Docker Desktop; Git; Python 3.12.6 Tcl/Tk Support (64-bit); Python 3.12.6 pip Bootstrap (64-bit); Python 3.12.6 Standard Library (64-bit); Python 3.12.6 Development Libraries (64-bit); Python 3.12.6 Test Suite (64-bit); Node.js; Python 3.12.6 Add to Path (64-bit); Python 3.12.6 Documentation (64-bit); Python 3.12.6 Executables (64-bit); Microsoft Visual C++ 2022 X64 Additional Runtime - 14.40.33810; Microsoft Azure CLI (64-bit); Python 3.12.6 Core Interpreter (64-bit)","18422","unknown:18422","63.35","2024-09-08 04:42:30","2024-09-12 23:07:33","114.42"
"C_Data/57","2.07","2024-09-06 00:31:34","2024-09-12 22:56:51","21.07","2024-09-06 00:27:43","2024-09-12 22:59:14","1.07","2024-09-06 00:24:14","2024-09-12 22:59:03","1.07","2024-09-06 00:31:43","2024-09-12 22:33:27","1.07","2024-09-06 00:31:42","2024-09-12 22:43:01","Microsoft Windows 10 Home","13","1","TeamViewer; Microsoft Update Health Tools; Webex; Update for Windows 10 for x64-based Systems (KB5001716); Slack (Machine - MSI); Slack (Machine); Adobe Acrobat (64-bit); Zoom Workplace (64-bit); Microsoft Edge; Microsoft Edge Update; Skype version 8.127; Skype 8.127; Wazuh Agent","768","unknown:768","26.35","2024-09-06 00:24:14","2024-09-12 22:59:14","166.58"
"C_Data/58","20","2024-09-13 06:09:07","2024-09-13 06:57:01","43.07","2024-09-05 23:58:24","2024-09-13 06:55:50","1.07","2024-09-05 23:52:02","2024-09-13 06:44:09","1.07","2010-11-21 12:58:31","2024-09-13 06:52:28","1.07","2024-09-06 08:30:26","2024-09-13 06:55:42","Microsoft Windows 7","0","0","","46","unknown:46","66.28","2010-11-21 12:58:31","2024-09-13 06:57:01","121073.98"
"C_Data/59","20.07","2024-09-13 01:32:10","2024-09-13 01:49:46","22.07","2024-09-08 06:41:19","2024-09-13 01:49:48","1.07","2024-09-08 06:42:04","2024-09-13 01:49:25","1.07","2024-09-08 04:39:52","2024-09-13 01:45:21","1.07","2024-09-08 04:39:52","2024-09-13 01:43:33","Microsoft Windows 10 Pro","16","3","AutoHotkey 1.1.37.01; Microsoft Visual C++ 2022 X64 Additional Runtime - 14.40.33810; Update for Windows 10 for x64-based Systems (KB5001716); Microsoft Visual C++ 2022 X64 Minimum Runtime - 14.40.33810; Angry IP Scanner; Microsoft Edge; Microsoft Edge Update; Nmap 7.95; Npcap; Wireshark 4.4.0 x64; Microsoft Visual C++ 2022 X86 Minimum Runtime - 14.40.33810; Microsoft Visual C++ 2015-2022 Redistributable (x86) - 14.40.33810; Microsoft Visual C++ 2015-2022 Redistributable (x64) - 14.40.33810; Microsoft Visual C++ 2022 X86 Additional Runtime - 14.40.33810","2576","unknown:2576","45.35","2024-09-08 04:39:52","2024-09-13 01:49:48","117.17"
"C_Data/60","20.07","2024-09-13 00:11:42","2024-09-13 01:43:42","27.07","2024-09-08 07:05:08","2024-09-13 01:43:43","1.07","2024-09-08 07:07:13","2024-09-13 01:43:42","1.07","2024-09-08 04:42:30","2024-09-13 01:39:23","1.07","2024-09-08 04:42:30","2024-09-13 01:40:59","Microsoft Windows 11 Pro","10","2","Notepad++ (64-bit x64); Notepad2 (Notepad Replacement); Vim 9.1 (x64); Microsoft Visual Studio Code; Microsoft Edge; Microsoft Edge Update; Microsoft Edge WebView2 Runtime; ActiveState Komodo Edit 12.0.1; Brackets; Wazuh Agent","588","unknown:588","50.35","2024-09-08 04:42:30","2024-09-13 01:43:43","117.02"
"C_Data/61","20.07","2024-09-06 02:00:22","2024-09-13 00:44:25","20.07","2024-09-06 02:35:44","2024-09-13 00:44:57","2.07","2024-09-06 02:37:54","2024-09-13 00:44:02","1.07","2024-09-06 00:37:33","2024-09-13 00:40:12","1.07","2024-09-06 00:37:33","2024-09-13 00:41:16","Microsoft Windows 11 Home","17","2","Notepad++ (64-bit x64); Microsoft Visual C++ 2022 X64 Additional Runtime - 14.40.33810; VeraCrypt 1.26.15; Microsoft Visual C++ 2022 X64 Minimum Runtime - 14.40.33810; Keybase; GNU Privacy Guard; Gpg4win (4.3.1); KeePass Password Safe 2.57; LastPass (uninstall only); Microsoft Edge; Microsoft Edge Update; Microsoft Edge WebView2 Runtime; Microsoft Visual C++ 2022 X86 Minimum Runtime - 14.40.33810; Microsoft Visual C++ 2015-2022 Redistributable (x86) - 14.40.33810","773","unknown:773","44.35","2024-09-06 00:37:33","2024-09-13 00:44:57","168.12"
"C_Data/62","20.07","2024-09-13 09:44:34","2024-09-13 11:36:38","17.07","2024-09-10 03:38:25","2024-09-13 11:36:53","1.07","2024-09-10 03:40:08","2024-09-13 11:36:38","1.07","2024-09-10 03:02:28","2024-09-13 11:36:38","1.07","2024-09-10 03:02:27","2024-09-13 11:35:13","Microsoft Windows 8.1 Pro","0","0","","522","unknown:522","40.35","2024-09-10 03:02:27","2024-09-13 11:36:53","80.57"
"C_Data/63","9.07","2024-09-06 00:31:34","2024-09-13 06:45:37","48.07","2024-09-06 00:27:43","2024-09-13 06:49:59","2.07","2024-09-06 00:24:14","2024-09-13 06:48:58","1.07","2024-09-06 00:31:43","2024-09-13 06:42:13","1.07","2024-09-06 00:31:42","2024-09-13 06:43:43","Microsoft Windows 10 Home","43","16","7-Zip 24.08 (x64); Audacity 3.6.3; Docker Desktop; Evernote 10.105.4 (All Users); GIMP 2.10.38; Git; Mozilla Firefox (x64 en-GB); Mozilla Maintenance Service; VLC media player; Python 3.12.6 Tcl/Tk Support (64-bit); Python 3.12.6 pip Bootstrap (64-bit); Python 3.12.6 Standard Library (64-bit); Python 3.12.6 Development Libraries (64-bit); Python 3.12.6 Test Suite (64-bit)","1121","unknown:1121","61.35","2024-09-06 00:24:14","2024-09-13 06:49:59","174.43"
"C_Data/64","19.07","2024-09-13 07:06:40","2024-09-13 07:23:58","53.07","2024-09-08 07:05:08","2024-09-13 07:24:00","2.07","2024-09-08 07:07:13","2024-09-13 07:20:29","1.07","2024-09-08 04:42:30","2024-09-13 07:13:39","1.07","2024-09-08 04:42:30","2024-09-13 07:15:08","Microsoft Windows 11 Pro","56","8","Joplin 3.0.15; Krita (x64) 5.2.3 (git 68d178c); Logitech Options; WinRAR 7.01 (64-bit); paint.net; Microsoft.NET.Sdk.Maui.Manifest-8.0.100 (x64); Microsoft ASP.NET Core 8.0.8 Shared Framework (x64); Inkscape; Microsoft .NET Host - 8.0.8 (x64); Microsoft Windows Desktop Targeting Pack - 8.0.8 (x64); Microsoft.NET.Workload.Mono.Toolchain.net7.Manifest (x64); Microsoft.NET.Workload.Emscripten.net7.Manifest (x64); Microsoft.NET.Sdk.tvOS.Manifest-8.0.100 (x64); Microsoft Visual C++ 2022 X64 Additional Runtime - 14.40.33810","14563","unknown:14563","76.35","2024-09-08 04:42:30","2024-09-13 07:24:00","122.69"
"C_Data/65","19.07","2024-09-13 06:06:47","2024-09-13 06:14:48","38.07","2024-09-08 06:41:19","2024-09-13 06:14:46","1.07","2024-09-08 06:42:04","2024-09-13 06:14:52","1.07","2024-09-08 04:39:52","2024-09-13 06:14:48","1.07","2024-09-08 04:39:52","2024-09-13 06:02:43","Microsoft Windows 10 Pro","30","18","Docker Desktop; Git; Python 3.12.6 Tcl/Tk Support (64-bit); Python 3.12.6 pip Bootstrap (64-bit); Python 3.12.6 Standard Library (64-bit); Python 3.12.6 Development Libraries (64-bit); Python 3.12.6 Test Suite (64-bit); Node.js; Python 3.12.6 Add to Path (64-bit); Python 3.12.6 Documentation (64-bit); Python 3.12.6 Executables (64-bit); Microsoft Visual C++ 2022 X64 Additional Runtime - 14.40.33810; Java SE Development Kit 8 Update 211 (64-bit); Microsoft Azure CLI (64-bit)","7324","unknown:7324","60.35","2024-09-08 04:39:52","2024-09-13 06:14:52","121.58"
"C_Data/66","19.07","2024-09-13 20:13:33","2024-09-13 20:24:35","41.07","2024-09-08 06:41:19","2024-09-13 20:24:28","1.07","2024-09-08 06:42:04","2024-09-13 20:23:39","1.07","2024-09-08 04:39:52","2024-09-13 20:21:23","1.07","2024-09-08 04:39:52","2024-09-13 20:21:22","Microsoft Windows 10 Pro","30","3","Joplin 3.0.15; 7-Zip 24.08 (x64); Audacity 3.6.3; GIMP 2.10.38; IrfanView 4.67 (64-bit); Krita (x64) 5.2.3 (git 68d178c); Mozilla Firefox (x64 en-GB); Mozilla Maintenance Service; Notepad++ (64-bit x64); SumatraPDF; VLC media player; Microsoft Update Health Tools; MuseScore Studio 4; Microsoft Visual C++ 2022 X64 Additional Runtime - 14.40.33810","10444","unknown:10444","63.35","2024-09-08 04:39:52","2024-09-13 20:24:35","135.75"
"C_Data/67","20.07","2024-09-13 19:54:15","2024-09-13 20:23:45","58.07","2024-09-08 07:05:08","2024-09-13 20:23:42","2.07","2024-09-08 07:07:13","2024-09-13 20:22:37","1.07","2024-09-08 04:42:30","2024-09-13 20:13:26","1.07","2024-09-08 04:42:30","2024-09-13 20:23:36","Microsoft Windows 11 Pro","26","2","Joplin 3.0.15; Audacity 3.6.3; Evernote 10.105.4 (All Users); GIMP 2.10.38; Mozilla Firefox (x64 en-GB); Mozilla Maintenance Service; Notepad++ (64-bit x64); R for Windows 4.4.1; SumatraPDF; VLC media player; Inkscape; Microsoft Visual C++ 2022 X64 Additional Runtime - 14.40.33810; PDF24 Creator; LibreOffice 24.2.5.2","37184","unknown:37184","82.35","2024-09-08 04:42:30","2024-09-13 20:23:45","135.69"
"C_Data/68","20.07","2024-09-14 04:01:24","2024-09-14 04:10:56","36.07","2024-09-06 01:01:21","2024-09-14 04:11:12","1.07","2024-09-06 01:03:05","2024-09-14 04:10:02","1.07","2024-09-06 09:45:02","2024-09-14 04:04:47","1.07","2024-09-06 09:45:02","2024-09-14 04:10:56","Microsoft Windows Server 2019 Standard Evaluation","16","4","AutoHotkey 1.1.37.01; Mozilla Firefox (x64 en-US); Mozilla Maintenance Service; Microsoft Visual C++ 2022 X64 Additional Runtime - 14.40.33810; Google Chrome; Microsoft Visual C++ 2022 X64 Minimum Runtime - 14.40.33810; Angry IP Scanner; Nmap 7.95; Npcap; Wireshark 4.4.0 x64; Microsoft Visual C++ 2022 X86 Minimum Runtime - 14.40.33810; Microsoft Visual C++ 2015-2022 Redistributable (x86) - 14.40.33810; Microsoft Visual C++ 2015-2022 Redistributable (x64) - 14.40.33810; Microsoft Visual C++ 2022 X86 Additional Runtime - 14.40.33810","1459","unknown:1459","59.35","2024-09-06 01:01:21","2024-09-14 04:11:12","195.16"
"C_Data/69","19.07","2024-09-13 23:38:52","2024-09-13 23:59:40","63.07","2024-09-13 20:45:33","2024-09-14 00:00:06","1.07","2024-09-08 07:07:13","2024-09-13 23:53:33","1.07","2024-09-08 04:42:30","2024-09-13 23:47:47","1.07","2024-09-08 04:42:30","2024-09-13 23:54:33","Microsoft Windows 11 Pro","38","12","Joplin 3.0.15; Audacity 3.6.3; GIMP 2.10.38; Mozilla Firefox (x64 en-GB); Mozilla Maintenance Service; Notepad++ (64-bit x64); R for Windows 4.4.1; SumatraPDF; TeXstudio - TeXstudio is a fully featured LaTeX editor.; Python 3.12.6 Tcl/Tk Support (64-bit); Python 3.12.6 pip Bootstrap (64-bit); Python 3.12.6 Standard Library (64-bit); Python 3.12.6 Development Libraries (64-bit); Python 3.12.6 Test Suite (64-bit)","8107","unknown:8107","85.35","2024-09-08 04:42:30","2024-09-14 00:00:06","139.29"
"C_Data/70","9.07","2024-09-06 00:31:34","2024-09-13 23:51:40","63.07","2024-09-13 20:47:59","2024-09-14 00:07:02","1.07","2024-09-06 00:24:14","2024-09-13 23:56:33","1.07","2024-09-06 00:31:43","2024-09-13 23:48:41","1.07","2024-09-06 00:31:42","2024-09-14 00:00:18","Microsoft Windows 10 Home","27","3","Joplin 3.0.15; 7-Zip 24.08 (x64); GIMP 2.10.38; Krita (x64) 5.2.3 (git 68d178c); Mozilla Firefox (x64 en-GB); Mozilla Maintenance Service; Notepad++ (64-bit x64); VLC media player; QGIS 3.38.2 'Grenoble'; Microsoft Visual C++ 2022 X64 Additional Runtime - 14.40.33810; LibreOffice 24.2.5.2; Update for Windows 10 for x64-based Systems (KB5001716); Adobe Acrobat (64-bit); Microsoft Visual C++ 2022 X64 Minimum Runtime - 14.40.33810","1302","unknown:1302","75.35","2024-09-06 00:24:14","2024-09-14 00:07:02","191.71"
"C_Data/71","19.07","2024-09-14 00:01:04","2024-09-14 00:17:58","63.07","2024-09-13 21:25:50","2024-09-14 00:24:09","1.07","2024-09-08 06:42:04","2024-09-14 00:15:02","1.07","2024-09-08 04:39:52","2024-09-14 00:08:21","1.07","2024-09-08 04:39:52","2024-09-14 00:14:07","Microsoft Windows 10 Pro","52","3","Joplin 3.0.15; 7-Zip 24.08 (x64); Autodesk Identity Manager; Docker Desktop; Git; Mozilla Firefox (x64 en-GB); Mozilla Maintenance Service; TeamViewer; VLC media player; QGIS 3.38.2 'Grenoble'; Microsoft Windows Desktop Runtime - 8.0.0 (x64); Microsoft Visual C++ 2022 X64 Minimum Runtime - 14.38.33130; Autodesk Genuine Service; ACAD Private","9137","unknown:9137","85.35","2024-09-08 04:39:52","2024-09-14 00:24:09","139.74"
"C_Data/72","19.07","2024-09-14 01:54:41","2024-09-14 02:13:52","47.07","2024-09-08 07:05:08","2024-09-14 02:13:47","2.07","2024-09-08 07:07:13","2024-09-14 02:07:33","1.07","2024-09-08 04:42:30","2024-09-14 02:00:54","1.07","2024-09-08 04:42:30","2024-09-14 02:05:23","Microsoft Windows 11 Pro","32","14","DBeaver 24.2.0; Docker Desktop; Git; Mozilla Firefox (x64 en-GB); Mozilla Maintenance Service; 'PostgreSQL 16 '; R for Windows 4.4.1; Microsoft Power BI Desktop (x64); Python 3.12.6 Tcl/Tk Support (64-bit); Python 3.12.6 pip Bootstrap (64-bit); Python 3.12.6 Standard Library (64-bit); Python 3.12.6 Development Libraries (64-bit); Python 3.12.6 Test Suite (64-bit); Python 3.12.6 Add to Path (64-bit)","7743","unknown:7743","70.35","2024-09-08 04:42:30","2024-09-14 02:13:52","141.52"
"C_Data/73","20.07","2024-09-06 02:00:24","2024-09-14 02:00:07","45.07","2024-09-06 02:35:44","2024-09-14 02:00:17","2.07","2024-09-06 02:37:54","2024-09-14 02:00:07","1.07","2024-09-06 00:37:33","2024-09-14 01:51:51","1.07","2024-09-06 00:37:33","2024-09-14 02:00:06","Microsoft Windows 11 Home","31","3","Joplin 3.0.15; 7-Zip 24.08 (x64); Audacity 3.6.3; GIMP 2.10.38; Krita (x64) 5.2.3 (git 68d178c); Mozilla Firefox (x64 en-GB); Mozilla Maintenance Service; Notepad++ (64-bit x64); VLC media player; Inkscape; Microsoft Visual C++ 2022 X64 Additional Runtime - 14.40.33810; Microsoft Visual C++ 2008 Redistributable - x64 9.0.30729.6161; PDF24 Creator; LibreOffice 24.2.5.2","653","unknown:653","69.35","2024-09-06 00:37:33","2024-09-14 02:00:17","193.38"
"C_Data/74","19.07","2024-09-14 01:53:41","2024-09-14 01:59:39","26.07","2024-09-08 06:41:19","2024-09-14 02:03:39","1.07","2024-09-08 06:42:04","2024-09-14 01:58:23","1.07","2024-09-08 04:39:52","2024-09-14 01:58:13","1.07","2024-09-08 04:39:52","2024-09-14 01:57:45","Microsoft Windows 10 Pro","26","2","7-Zip 24.08 (x64); Audacity 3.6.3; GIMP 2.10.38; Krita (x64) 5.2.3 (git 68d178c); Notepad++ (64-bit x64); REAPER (x64); VLC media player; Microsoft Update Health Tools; MuseScore Studio 4; Microsoft Visual C++ 2022 X64 Additional Runtime - 14.40.33810; Update for Windows 10 for x64-based Systems (KB5001716); Microsoft Visual C++ 2022 X64 Minimum Runtime - 14.40.33810; Zoom Workplace (64-bit); Dropbox","3066","unknown:3066","48.35","2024-09-08 04:39:52","2024-09-14 02:03:39","141.4"
"C_Data/75","20.07","2024-09-15 07:06:13","2024-09-15 07:38:11","32.07","2024-09-06 09:52:43","2024-09-15 07:38:22","1.07","2024-09-06 09:54:48","2024-09-15 07:37:19","1.07","2024-09-06 09:41:24","2024-09-15 07:30:18","1.07","2014-03-22 04:14:08","2024-09-15 07:37:13","Microsoft Windows Server 2012 R2 Standard Evaluation","0","0","","367","unknown:367","55.35","2014-03-22 04:14:08","2024-09-15 07:38:22","91923.4"
"C_Data/76","19.07","2024-09-14 23:32:29","2024-09-14 23:53:54","56.07","2024-09-08 07:05:08","2024-09-14 23:53:58","3.07","2024-09-08 07:07:13","2024-09-14 23:53:44","1.07","2024-09-08 04:42:30","2024-09-14 23:42:42","1.07","2024-09-08 04:42:30","2024-09-14 23:49:42","Microsoft Windows 11 Pro","25","6","7-Zip 24.08 (x64); DBeaver 24.2.0; Docker Desktop; HeidiSQL 12.8.0.6908; Mozilla Firefox (x64 en-GB); Mozilla Maintenance Service; Notepad++ (64-bit x64); 'PostgreSQL 16 '; TeamViewer; Microsoft Visual C++ 2022 X64 Additional Runtime - 14.40.33810; Microsoft Azure CLI (64-bit); Microsoft Visual C++ 2022 X64 Minimum Runtime - 14.40.33810; PowerShell 7-x64; Microsoft Visual Studio Code","4399","unknown:4399","80.35","2024-09-08 04:42:30","2024-09-14 23:53:58","163.19"
"C_Data/77","19.07","2024-09-14 23:31:41","2024-09-14 23:46:18","47.07","2024-09-08 07:05:08","2024-09-14 23:46:21","2.07","2024-09-08 07:07:13","2024-09-14 23:43:38","1.07","2024-09-08 04:42:30","2024-09-14 23:43:38","1.07","2024-09-08 04:42:30","2024-09-14 23:38:04","Microsoft Windows 11 Pro","30","3","Joplin 3.0.15; 7-Zip 24.08 (x64); Audacity 3.6.3; GIMP 2.10.38; Krita (x64) 5.2.3 (git 68d178c); Mozilla Firefox (x64 en-GB); Mozilla Maintenance Service; Notepad++ (64-bit x64); Shotcut; VLC media player; Microsoft Visual C++ 2022 X64 Additional Runtime - 14.40.33810; Microsoft Visual C++ 2008 Redistributable - x64 9.0.30729.6161; blender; Google Chrome","10606","unknown:10606","70.35","2024-09-08 04:42:30","2024-09-14 23:46:21","163.06"
"C_Data/78","20.07","2024-09-15 02:13:32","2024-09-15 02:34:06","34.07","2024-09-08 06:41:19","2024-09-15 02:34:07","1.07","2024-09-08 06:42:04","2024-09-15 02:33:35","1.07","2024-09-08 04:39:52","2024-09-15 02:31:37","1.07","2024-09-08 04:39:52","2024-09-15 02:23:55","Microsoft Windows 10 Pro","24","10","7-Zip 24.08 (x64); Docker Desktop; Git; Notepad++ (64-bit x64); 'PostgreSQL 16 '; TeamViewer; Vagrant; Microsoft Visual C++ 2022 X64 Additional Runtime - 14.40.33810; OpenVPN 2.6.12-I001 amd64; Update for Windows 10 for x64-based Systems (KB5001716); Oracle VM VirtualBox 7.0.20; Microsoft Visual C++ 2022 X64 Minimum Runtime - 14.40.33810; PowerShell 7-x64; Microsoft Visual Studio Code","7312","unknown:7312","57.35","2024-09-08 04:39:52","2024-09-15 02:34:07","165.9"
"C_Data/79","19.07","2024-09-15 03:16:52","2024-09-15 03:31:31","40.07","2024-09-08 07:05:08","2024-09-15 03:31:36","2.07","2024-09-08 07:07:13","2024-09-15 03:27:21","1.07","2024-09-08 04:42:30","2024-09-15 03:27:18","1.07","2024-09-08 04:42:30","2024-09-15 03:29:41","Microsoft Windows 11 Pro","35","11","Joplin 3.0.15; Mozilla Firefox (x64 en-GB); Mozilla Maintenance Service; Notepad++ (64-bit x64); R for Windows 4.4.1; SumatraPDF; TeXstudio - TeXstudio is a fully featured LaTeX editor.; Microsoft Power BI Desktop (x64); Python 3.12.6 Tcl/Tk Support (64-bit); Python 3.12.6 pip Bootstrap (64-bit); Python 3.12.6 Standard Library (64-bit); Python 3.12.6 Development Libraries (64-bit); Python 3.12.6 Test Suite (64-bit); Python 3.12.6 Add to Path (64-bit)","6573","unknown:6573","63.35","2024-09-08 04:42:30","2024-09-15 03:31:36","166.82"
"C_Data/80","20.07","2024-09-15 02:16:04","2024-09-15 02:20:54","22.07","2024-09-06 01:01:21","2024-09-15 02:21:25","1.07","2024-09-06 01:03:05","2024-09-15 02:14:37","1.07","2024-09-06 09:45:02","2024-09-15 02:18:03","1.07","2024-09-06 09:45:02","2024-09-15 02:19:12","Microsoft Windows Server 2019 Standard Evaluation","28","18","7-Zip 24.08 (x64); Git; Notepad++ (64-bit x64); TeamViewer; Python 3.12.6 Tcl/Tk Support (64-bit); Python 3.12.6 pip Bootstrap (64-bit); Python 3.12.6 Standard Library (64-bit); Python 3.12.6 Development Libraries (64-bit); Python 3.12.6 Test Suite (64-bit); Vagrant; Python 3.12.6 Add to Path (64-bit); Python 3.12.6 Documentation (64-bit); Python 3.12.6 Executables (64-bit); Microsoft Visual C++ 2022 X64 Additional Runtime - 14.40.33810","1083","unknown:1083","45.35","2024-09-06 01:01:21","2024-09-15 02:21:25","217.33"
"C_Data/81","20.07","2024-09-15 04:28:45","2024-09-15 04:49:16","45.07","2024-09-08 06:41:19","2024-09-15 04:49:17","1.07","2024-09-08 06:42:04","2024-09-15 04:49:11","1.07","2024-09-08 04:39:52","2024-09-15 04:44:59","1.07","2024-09-08 04:39:52","2024-09-15 04:48:20","Microsoft Windows 10 Pro","8","3","TeamViewer; Update for Windows 10 for x64-based Systems (KB5001716); Zoom Workplace (64-bit); Microsoft Edge; Microsoft Edge Update; Java Auto Updater; Wazuh Agent; Java 8 Update 421","3066","unknown:3066","68.35","2024-09-08 04:39:52","2024-09-15 04:49:17","168.16"
"C_Data/82","19.07","2024-09-15 04:26:31","2024-09-15 04:38:33","29.07","2024-09-08 07:05:08","2024-09-15 04:38:26","2.07","2024-09-08 07:07:13","2024-09-15 04:37:26","1.07","2024-09-08 04:42:30","2024-09-15 04:35:13","1.07","2024-09-08 04:42:30","2024-09-15 04:31:42","Microsoft Windows 11 Pro","0","0","","6913","unknown:6913","52.35","2024-09-08 04:42:30","2024-09-15 04:38:33","167.93"
"C_Data/83","20.07","2024-09-15 03:46:24","2024-09-15 04:38:32","63.07","2024-09-15 02:45:45","2024-09-15 04:39:00","1.07","2024-09-06 01:47:16","2024-09-15 04:36:17","1.07","2024-09-06 10:22:38","2024-09-15 04:35:55","1.07","2024-09-06 10:22:38","2024-09-15 04:33:28","Microsoft Windows Server 2016 Standard Evaluation","0","0","","404","unknown:404","86.35","2024-09-06 01:47:16","2024-09-15 04:39:00","218.86"
"C_Data/84","3.07","2024-09-06 00:31:34","2024-09-15 19:25:16","22.07","2024-09-06 00:27:43","2024-09-15 19:31:10","1.07","2024-09-06 00:24:14","2024-09-15 19:28:49","1.07","2024-09-06 00:31:43","2024-09-15 19:28:49","1.07","2024-09-06 00:31:42","2024-09-15 19:29:53","Microsoft Windows 10 Home","24","2","7-Zip 24.08 (x64); Audacity 3.6.3; GIMP 2.10.38; Krita (x64) 5.2.3 (git 68d178c); Notepad++ (64-bit x64); REAPER (x64); VLC media player; MuseScore Studio 4; Microsoft Visual C++ 2022 X64 Additional Runtime - 14.40.33810; Zoom Workplace (64-bit); Update for Windows 10 for x64-based Systems (KB5001716); Microsoft Visual C++ 2022 X64 Minimum Runtime - 14.40.33810; Dropbox; Microsoft Edge","858","unknown:858","28.35","2024-09-06 00:24:14","2024-09-15 19:31:10","235.12"
"C_Data/85","20.07","2024-09-06 02:00:21","2024-09-15 20:31:12","13.07","2024-09-06 02:35:44","2024-09-15 20:31:26","2.07","2024-09-06 02:37:54","2024-09-15 20:30:08","1.07","2024-09-06 00:37:33","2024-09-15 20:24:24","1.07","2024-09-06 00:37:33","2024-09-15 20:30:59","Microsoft Windows 11 Home","10","1","CCleaner; CPUID CPU-Z 2.09; CPUID HWMonitor 1.54; Defraggler; Everything 1.4.1.1026 (x64); Notepad++ (64-bit x64); Microsoft Edge; Microsoft Edge Update; Microsoft Edge WebView2 Runtime; Wazuh Agent","649","unknown:649","37.35","2024-09-06 00:37:33","2024-09-15 20:31:26","235.9"
"C_Data/86","19.07","2024-09-15 21:07:07","2024-09-15 21:17:03","26.07","2024-09-08 07:05:08","2024-09-15 21:16:58","1.07","2024-09-08 07:07:13","2024-09-15 21:16:22","1.07","2024-09-08 04:42:30","2024-09-15 21:11:40","1.07","2024-09-08 04:42:30","2024-09-15 21:06:08","Microsoft Windows 11 Pro","24","10","7-Zip 24.08 (x64); Docker Desktop; Git; Notepad++ (64-bit x64); 'PostgreSQL 16 '; TeamViewer; Vagrant; Microsoft Visual C++ 2022 X64 Additional Runtime - 14.40.33810; OpenVPN 2.6.12-I001 amd64; Oracle VM VirtualBox 7.0.20; Microsoft Visual C++ 2022 X64 Minimum Runtime - 14.40.33810; PowerShell 7-x64; Microsoft Visual Studio Code; MongoDB 7.3.4 2008R2Plus SSL (64 bit)","6415","unknown:6415","48.35","2024-09-08 04:42:30","2024-09-15 21:17:03","184.58"
"C_Data/87","20.07","2024-09-15 22:02:45","2024-09-15 22:23:27","63.07","2024-09-15 21:16:18","2024-09-15 22:23:28","1.07","2024-09-08 06:42:04","2024-09-15 22:19:46","1.07","2024-09-08 04:39:52","2024-09-15 22:10:32","1.07","2024-09-08 04:39:52","2024-09-15 22:17:26","Microsoft Windows 10 Pro","34","18","7-Zip 24.08 (x64); Docker Desktop; Git; Mozilla Firefox (x64 en-GB); Mozilla Maintenance Service; TeamViewer; Python 3.12.6 Tcl/Tk Support (64-bit); Python 3.12.6 pip Bootstrap (64-bit); Python 3.12.6 Standard Library (64-bit); Python 3.12.6 Development Libraries (64-bit); Python 3.12.6 Test Suite (64-bit); Vagrant; Python 3.12.6 Add to Path (64-bit); Python 3.12.6 Documentation (64-bit)","7151","unknown:7151","86.35","2024-09-08 04:39:52","2024-09-15 22:23:28","185.73"
"C_Data/88","20.07","2024-09-15 20:59:52","2024-09-15 21:39:31","30.07","2024-09-08 07:05:08","2024-09-15 21:39:32","2.07","2024-09-08 07:07:13","2024-09-15 21:36:06","1.07","2024-09-08 04:42:30","2024-09-15 21:34:55","1.07","2024-09-08 04:42:30","2024-09-15 21:24:50","Microsoft Windows 11 Pro","30","12","7-Zip 24.08 (x64); CCleaner; GIMP 2.10.38; Mozilla Firefox (x64 en-GB); Mozilla Thunderbird (x64 en-GB); Mozilla Maintenance Service; Notepad++ (64-bit x64); Python 3.12.6 Tcl/Tk Support (64-bit); Python 3.12.6 pip Bootstrap (64-bit); Python 3.12.6 Standard Library (64-bit); Inkscape; Python 3.12.6 Development Libraries (64-bit); Python 3.12.6 Test Suite (64-bit); Malwarebytes version 5.1.10.127","10330","unknown:10330","54.35","2024-09-08 04:42:30","2024-09-15 21:39:32","184.95"
"C_Data/89","19.07","2024-09-15 23:04:29","2024-09-15 23:25:40","50.07","2024-09-08 07:05:08","2024-09-15 23:25:38","2.07","2024-09-08 07:07:13","2024-09-15 23:18:17","1.07","2024-09-08 04:42:30","2024-09-15 23:11:49","1.07","2024-09-08 04:42:30","2024-09-15 23:18:16","Microsoft Windows 11 Pro","31","16","7-Zip 24.08 (x64); Mozilla Firefox (x64 en-GB); Mozilla Maintenance Service; Notepad++ (64-bit x64); Amazon Corretto (x64); Python 3.12.6 Tcl/Tk Support (64-bit); Python 3.12.6 pip Bootstrap (64-bit); Python 3.12.6 Standard Library (64-bit); Python 3.12.6 Development Libraries (64-bit); Python 3.12.6 Test Suite (64-bit); Python 3.12.6 Add to Path (64-bit); Python 3.12.6 Documentation (64-bit); Python 3.12.6 Executables (64-bit); Microsoft Visual C++ 2022 X64 Additional Runtime - 14.40.33810","7657","unknown:7657","73.35","2024-09-08 04:42:30","2024-09-15 23:25:40","186.72"
"C_Data/90","20.07","2024-09-06 02:00:26","2024-09-16 01:28:29","64.07","2024-09-15 23:38:04","2024-09-16 01:28:31","2.07","2024-09-06 02:37:54","2024-09-16 01:24:13","1.07","2024-09-06 00:37:33","2024-09-16 01:20:06","1.07","2024-09-06 00:37:33","2024-09-16 01:24:12","Microsoft Windows 11 Home","32","14","DBeaver 24.2.0; Docker Desktop; Git; Mozilla Firefox (x64 en-GB); Mozilla Maintenance Service; Notepad++ (64-bit x64); 'PostgreSQL 16 '; R for Windows 4.4.1; Python 3.12.6 Tcl/Tk Support (64-bit); Python 3.12.6 pip Bootstrap (64-bit); Python 3.12.6 Standard Library (64-bit); Python 3.12.6 Development Libraries (64-bit); Python 3.12.6 Test Suite (64-bit); Python 3.12.6 Add to Path (64-bit)","710","unknown:710","88.35","2024-09-06 00:37:33","2024-09-16 01:28:31","240.85"
"C_Data/91","2.07","2024-09-06 00:31:34","2024-09-16 00:23:05","31.07","2024-09-06 00:27:43","2024-09-16 00:24:41","1.07","2024-09-06 00:24:14","2024-09-16 00:24:16","1.07","2024-09-06 00:31:43","2024-09-16 00:18:31","1.07","2024-09-06 00:31:42","2024-09-16 00:19:51","Microsoft Windows 10 Home","28","1","Joplin 3.0.15; 7-Zip 24.08 (x64); Audacity 3.6.3; GIMP 2.10.38; Mozilla Firefox (x64 en-GB); Mozilla Maintenance Service; Notepad++ (64-bit x64); SumatraPDF; VLC media player; Microsoft Visual C++ 2022 X64 Additional Runtime - 14.40.33810; PDF24 Creator; LibreOffice 24.2.5.2; Zoom Workplace (64-bit); Update for Windows 10 for x64-based Systems (KB5001716)","672","unknown:672","36.35","2024-09-06 00:24:14","2024-09-16 00:24:41","240.01"
"C_Data/92","20.07","2024-09-16 01:38:24","2024-09-16 01:50:35","36.07","2024-09-08 06:41:19","2024-09-16 01:50:36","1.07","2024-09-08 06:42:04","2024-09-16 01:48:13","1.07","2024-09-08 04:39:52","2024-09-16 01:45:19","1.07","2024-09-08 04:39:52","2024-09-16 01:49:20","Microsoft Windows 10 Pro","36","12","Joplin 3.0.15; Audacity 3.6.3; GIMP 2.10.38; Krita (x64) 5.2.3 (git 68d178c); Notepad++ (64-bit x64); R for Windows 4.4.1; SumatraPDF; TeXstudio - TeXstudio is a fully featured LaTeX editor.; VLC media player; Python 3.12.6 Tcl/Tk Support (64-bit); Python 3.12.6 pip Bootstrap (64-bit); Python 3.12.6 Standard Library (64-bit); Python 3.12.6 Development Libraries (64-bit); Python 3.12.6 Test Suite (64-bit)","9229","unknown:9229","59.35","2024-09-08 04:39:52","2024-09-16 01:50:36","189.18"
"C_Data/93","20.07","2024-09-16 01:24:54","2024-09-16 01:54:33","16.07","2024-09-10 08:21:49","2024-09-16 01:55:14","1.07","2024-09-10 08:17:45","2024-09-16 01:54:03","1.07","2024-09-10 07:46:01","2024-09-16 01:54:03","1.07","2024-09-10 07:46:01","2024-09-16 01:54:31","Microsoft Windows Server 2022 Standard Evaluation","31","19","7-Zip 24.08 (x64); Docker Desktop; Git; Notepad++ (64-bit x64); TeamViewer; Python 3.12.6 Tcl/Tk Support (64-bit); Python 3.12.6 pip Bootstrap (64-bit); Python 3.12.6 Standard Library (64-bit); Python 3.12.6 Development Libraries (64-bit); Python 3.12.6 Test Suite (64-bit); Vagrant; Python 3.12.6 Add to Path (64-bit); Python 3.12.6 Documentation (64-bit); Python 3.12.6 Executables (64-bit)","3102","unknown:3102","39.35","2024-09-10 07:46:01","2024-09-16 01:55:14","138.15"
"C_Data/94","20.07","2024-09-16 01:51:31","2024-09-16 01:54:57","20.07","2024-09-06 01:01:21","2024-09-16 01:55:08","1.07","2024-09-06 01:03:05","2024-09-16 01:53:51","1.07","2024-09-06 09:45:02","2024-09-16 01:53:51","1.07","2024-09-06 09:45:02","2024-09-16 01:54:54","Microsoft Windows Server 2019 Standard Evaluation","22","12","7-Zip 24.08 (x64); Mozilla Firefox (x64 en-US); Mozilla Maintenance Service; Notepad++ (64-bit x64); Python 3.12.6 Tcl/Tk Support (64-bit); Python 3.12.6 pip Bootstrap (64-bit); Python 3.12.6 Standard Library (64-bit); Python 3.12.6 Development Libraries (64-bit); Python 3.12.6 Test Suite (64-bit); Python 3.12.6 Add to Path (64-bit); Python 3.12.6 Documentation (64-bit); Python 3.12.6 Executables (64-bit); Microsoft Visual C++ 2022 X64 Additional Runtime - 14.40.33810; Python 3.12.6 Core Interpreter (64-bit)","3047","unknown:3047","43.35","2024-09-06 01:01:21","2024-09-16 01:55:08","240.9"
"C_Data/95","20.07","2024-09-16 02:39:10","2024-09-16 02:57:22","21.07","2024-09-08 07:05:08","2024-09-16 04:51:03","2.07","2024-09-08 07:07:13","2024-09-16 02:56:40","1.07","2024-09-08 04:42:30","2024-09-16 02:54:33","1.07","2024-09-08 04:42:30","2024-09-16 02:55:54","Microsoft Windows 11 Pro","24","2","Mozilla Firefox (x64 en-GB); Mozilla Maintenance Service; Microsoft Visual C++ 2010  x64 Redistributable - 10.0.40219; Microsoft Visual C++ 2013 x64 Additional Runtime - 12.0.40660; Microsoft Visual C++ 2022 X64 Additional Runtime - 14.40.33810; Google Chrome; Microsoft Visual C++ 2022 X64 Minimum Runtime - 14.40.33810; Microsoft Visual C++ 2013 x64 Minimum Runtime - 12.0.40660; Microsoft Edge; Microsoft Edge Update; Microsoft Edge WebView2 Runtime; Origin; Ubisoft Connect; Microsoft Visual C++ 2022 X86 Minimum Runtime - 14.40.33810","20621","unknown:20621","45.35","2024-09-08 04:42:30","2024-09-16 04:51:03","192.14"
"C_Data/96","19.07","2024-09-16 17:39:59","2024-09-16 17:57:01","58.07","2024-09-08 06:41:19","2024-09-16 17:57:00","2.07","2024-09-08 06:42:04","2024-09-16 17:56:20","1.07","2024-09-08 04:39:52","2024-09-16 17:47:05","1.07","2024-09-08 04:39:52","2024-09-16 17:39:33","Microsoft Windows 10 Pro","50","17","SoapUI 5.7.2; 7-Zip 24.08 (x64); GIMP 2.10.38; Git; Mozilla Firefox (x64 en-GB); Mozilla Maintenance Service; Notepad++ (64-bit x64); Microsoft .NET Runtime - 6.0.33 (x64); Python 3.12.6 Tcl/Tk Support (64-bit); Python 3.12.6 pip Bootstrap (64-bit); Python 3.12.6 Standard Library (64-bit); Python 3.12.6 Development Libraries (64-bit); Python 3.12.6 Test Suite (64-bit); Python 3.12.6 Add to Path (64-bit)","1458","unknown:1458","81.35","2024-09-08 04:39:52","2024-09-16 17:57:01","205.29"
"C_Data/97","20.07","2024-09-06 02:00:25","2024-09-16 17:53:36","31.07","2024-09-06 02:35:44","2024-09-16 17:54:19","2.07","2024-09-06 02:37:54","2024-09-16 17:50:14","1.07","2024-09-06 00:37:33","2024-09-16 17:50:13","1.07","2024-09-06 00:37:33","2024-09-16 17:45:49","Microsoft Windows 11 Home","26","2","7-Zip 24.08 (x64); Audacity 3.6.3; GIMP 2.10.38; Krita (x64) 5.2.3 (git 68d178c); Mozilla Firefox (x64 en-GB); Mozilla Maintenance Service; Notepad++ (64-bit x64); SumatraPDF; VLC media player; Microsoft Visual C++ 2022 X64 Additional Runtime - 14.40.33810; PDF24 Creator; LibreOffice 24.2.5.2; Zoom Workplace (64-bit); Adobe Acrobat (64-bit)","611","unknown:611","55.35","2024-09-06 00:37:33","2024-09-16 17:54:19","257.28"
"C_Data/98","3.07","2024-09-06 00:31:34","2024-09-16 17:51:00","38.07","2024-09-06 00:27:43","2024-09-16 17:54:08","2.07","2024-09-06 00:24:14","2024-09-16 17:52:28","1.07","2024-09-06 00:31:43","2024-09-16 17:51:01","1.07","2024-09-06 00:31:42","2024-09-16 17:41:36","Microsoft Windows 10 Home","29","2","Joplin 3.0.15; 7-Zip 24.08 (x64); Audacity 3.6.3; Krita (x64) 5.2.3 (git 68d178c); Mozilla Firefox (x64 en-GB); Mozilla Maintenance Service; Notepad++ (64-bit x64); VLC media player; Inkscape; Microsoft Visual C++ 2022 X64 Additional Runtime - 14.40.33810; PDF24 Creator; LibreOffice 24.2.5.2; Zoom Workplace (64-bit); Update for Windows 10 for x64-based Systems (KB5001716)","641","unknown:641","45.35","2024-09-06 00:24:14","2024-09-16 17:54:08","257.5"
"C_Data/99","20.07","2024-09-17 04:47:20","2024-09-17 05:11:32","63.07","2024-09-17 02:54:01","2024-09-17 05:11:29","1.07","2024-09-10 03:40:08","2024-09-17 05:09:27","1.07","2024-09-10 03:02:28","2024-09-17 05:02:05","2.07","2024-09-10 03:02:27","2024-09-17 04:16:58","Microsoft Windows 8.1 Pro","0","0","","1471","unknown:1471","87.35","2024-09-10 03:02:27","2024-09-17 05:11:32","170.15"
"C_Data/100","20.07","2024-09-17 04:46:24","2024-09-17 05:20:19","63.07","2024-09-17 03:02:04","2024-09-17 05:20:17","1.07","2024-09-10 03:40:08","2024-09-17 05:12:12","1.07","2024-09-10 03:02:28","2024-09-17 05:12:59","2.07","2024-09-10 03:02:27","2024-09-17 04:58:23","Microsoft Windows 8.1 Pro","0","0","","1546","unknown:1546","87.35","2024-09-10 03:02:27","2024-09-17 05:20:19","170.3"
"C_Data/101","20.07","2024-09-17 02:42:34","2024-09-17 04:08:44","29.07","2024-09-10 03:38:25","2024-09-17 04:08:42","1.07","2024-09-10 03:40:08","2024-09-17 04:05:27","1.07","2024-09-10 03:02:28","2024-09-17 04:05:32","1.07","2024-09-10 03:02:27","2024-09-17 04:00:00","Microsoft Windows 8.1 Pro","0","0","","821","unknown:821","52.35","2024-09-10 03:02:27","2024-09-17 04:08:44","169.1"
"C_Data/102","22.07","","","35.07","2024-09-08 06:41:19","2025-02-01 06:44:27","2.07","2024-09-08 06:42:04","2025-02-01 06:44:05","1.07","2024-09-08 04:39:52","2025-02-01 06:43:50","1.07","2024-09-08 04:39:52","2025-02-01 06:42:24","Microsoft Windows 10 Pro","14","3","7-Zip 24.09 (x64); Mozilla Firefox (x64 en-GB); Mozilla Maintenance Service; Notepad++ (64-bit x64); Notepad2 (Notepad Replacement); Vim 9.1 (x64); Google Chrome; Update for Windows 10 for x64-based Systems (KB5001716); Microsoft Visual Studio Code; Microsoft Edge; Microsoft Edge Update; Microsoft Edge WebView2 Runtime; Brackets; Wazuh Agent","0","","61.35","2024-09-08 04:39:52","2025-02-01 06:44:27","3506.08"
"C_Data/103","23.07","2025-02-01 04:14:37","2025-02-01 07:01:15","113.07","2024-09-08 07:05:08","2025-02-01 07:01:14","2.07","2024-09-08 07:07:13","2025-02-01 06:59:53","1.07","2024-09-08 04:42:30","2025-02-01 06:59:16","1.07","2024-09-08 04:42:30","2025-02-01 06:59:57","Microsoft Windows 11 Pro","28","17","Docker Desktop; Git; Python 3.13.1 Standard Library (64-bit); Python 3.13.1 Documentation (64-bit); Python 3.13.1 pip Bootstrap (64-bit); Microsoft Visual C++ 2022 X64 Minimum Runtime - 14.42.34433; Python 3.13.1 Test Suite (64-bit); Python 3.13.1 Executables (64-bit); Python 3.13.1 Add to Path (64-bit); Microsoft Azure CLI (64-bit); Python 3.13.1 Core Interpreter (64-bit); Node.js; Python 3.13.1 Tcl/Tk Support (64-bit); MongoDB 8.0.4 2008R2Plus SSL (64 bit)","0","","140.35","2024-09-08 04:42:30","2025-02-01 07:01:15","3506.31"
"C_Data/104","27.07","2025-02-01 04:14:55","2025-02-01 19:58:57","64","2025-02-01 05:52:19","2025-02-01 19:58:54","2.07","","","2.07","2024-09-08 04:39:52","2025-02-01 19:55:26","1.07","2024-09-08 04:39:52","2025-02-01 19:55:09","Microsoft Windows 10 Pro","82","20","7-Zip 24.09 (x64); Avast Free Antivirus; Docker Desktop; Everything 1.4.1.1026 (x64); Git; Mozilla Firefox (x64 en-GB); Mozilla Maintenance Service; Notepad++ (64-bit x64); Notepad2 (Notepad Replacement); PotPlayer-64 bit; Process Hacker 2.39 (r124); Vim 9.1 (x64); VLC media player; Waterfox (x64 en-US)","0","","96.28","2024-09-08 04:39:52","2025-02-01 19:58:57","3519.32"
"C_Data/105","25.07","2025-02-01 04:14:37","2025-02-01 19:56:26","141.07","2024-09-08 07:05:08","2025-02-01 19:56:29","3.07","2024-09-08 07:07:13","2025-02-01 19:55:58","2.07","2024-09-08 04:42:30","2025-02-01 19:55:24","1.07","2024-09-08 04:42:30","2025-02-01 19:56:17","Microsoft Windows 11 Pro","38","4","HexChat; Krita (x64) 5.2.9 (git ac6cae8); Mozilla Thunderbird (x64 en-GB); Mozilla Maintenance Service; SumatraPDF; TeamViewer; Oracle VirtualBox 7.1.6; Zoom Workplace (64-bit); VMware Player; Microsoft Visual C++ 2022 X64 Minimum Runtime - 14.42.34433; Microsoft Visual C++ 2008 Redistributable - x64 9.0.30729.6161; PDFCreator; Adobe Acrobat (64-bit); Blender","0","","172.35","2024-09-08 04:42:30","2025-02-01 19:56:29","3519.23"
"C_Data/106","25.07","2025-02-01 04:14:37","2025-02-02 05:04:54","150.07","2024-09-08 07:05:08","2025-02-02 05:04:53","5.07","2024-09-08 07:07:13","2025-02-02 05:04:54","2.07","2024-09-08 04:42:30","2025-02-02 05:04:53","1.07","2024-09-08 04:42:30","2025-02-02 05:03:20","Microsoft Windows 11 Pro","45","3","Audacity 3.7.1; darktable; GIMP 2.10.38-1; ImageMagick 7.1.1-43 Q16-HDRI (64-bit) (2024-12-22); Krita (x64) 5.2.9 (git ac6cae8); Mozilla Firefox (x64 en-US); Mozilla Maintenance Service; Microsoft Visual C++ 2010  x64 Redistributable - 10.0.40219; Microsoft .NET Runtime - 8.0.12 (x64); Inkscape; MPC-HC 1.7.13 (64-bit); Microsoft Visual C++ 2022 X64 Minimum Runtime - 14.42.34433; Microsoft Visual C++ 2013 x64 Additional Runtime - 12.0.40660; VeraCrypt 1.26.15","0","","183.35","2024-09-08 04:42:30","2025-02-02 05:04:54","3528.37"
"C_Data/107","24.07","2025-02-01 04:14:55","2025-02-02 04:57:29","59.07","2024-09-08 06:41:19","2025-02-02 04:57:17","2.07","2024-09-08 06:42:04","2025-02-02 04:55:49","1.07","2024-09-08 04:39:52","2025-02-02 04:53:50","1.07","2024-09-08 04:39:52","2025-02-02 04:56:08","Microsoft Windows 10 Pro","41","20","7-Zip 24.09 (x64); DBeaver 24.3.3; Docker Desktop; Git; Mozilla Firefox (x64 en-GB); Mozilla Maintenance Service; Notepad++ (64-bit x64); 'PostgreSQL 17 '; R for Windows 4.4.2; TeamViewer; Oracle VirtualBox 7.1.6; Vagrant; Python 3.13.1 Standard Library (64-bit); Python 3.13.1 Documentation (64-bit)","0","","87.35","2024-09-08 04:39:52","2025-02-02 04:57:29","3528.29"
"C_Data/108","28.07","2025-02-01 04:14:37","2025-02-02 04:55:02","398.07","2024-09-08 07:05:08","2025-02-02 04:55:13","4.07","2024-09-08 07:07:13","2025-02-02 04:53:05","2.07","2024-09-08 04:42:30","2025-02-02 04:52:49","1.07","2024-09-08 04:42:30","2025-02-02 04:52:22","Microsoft Windows 11 Pro","65","9","7-Zip 24.09 (x64); CPUID CPU-Z 2.11; CPUID HWMonitor 1.55; Defraggler; Everything 1.4.1.1026 (x64); Greenshot 1.2.10.6; LyX 2.4.3; MiKTeX; Mozilla Firefox (x64 en-GB); Mozilla Thunderbird (x64 en-GB); Mozilla Maintenance Service; Notepad++ (64-bit x64); Process Hacker 2.39 (r124); Sandboxie 5.70.5 (64-bit)","0","","433.35","2024-09-08 04:42:30","2025-02-02 04:55:13","3528.21"
"C_Data/109","20","2025-02-03 03:59:12","2025-02-03 03:10:06","43.07","2024-09-06 00:27:43","2025-02-03 03:09:24","2.07","2024-09-06 00:24:14","2025-02-03 03:09:24","1.07","2024-09-06 00:31:43","2025-02-03 03:03:09","1.07","2024-09-06 00:31:42","2025-02-03 03:06:30","Microsoft Windows 10 Home","31","3","Joplin 3.1.24; 7-Zip 24.09 (x64); Audacity 3.7.1; GIMP 2.10.38-1; Krita (x64) 5.2.9 (git ac6cae8); Mozilla Firefox (x64 en-GB); Mozilla Maintenance Service; Notepad++ (64-bit x64); Shotcut; VLC media player; Zoom Workplace (64-bit); Google Chrome; Microsoft Visual C++ 2022 X64 Minimum Runtime - 14.42.34433; Microsoft Visual C++ 2008 Redistributable - x64 9.0.30729.6161","0","","67.28","2024-09-06 00:24:14","2025-02-03 03:10:06","3602.76"
"C_Data/110","20","2025-02-03 03:59:14","2025-02-03 04:07:37","64","2025-02-02 06:59:48","2025-02-03 04:06:49","3.07","2024-09-06 02:37:54","2025-02-03 04:03:32","1.07","2024-09-06 00:37:33","2025-02-03 04:01:55","1.07","2024-09-06 00:37:33","2025-02-03 04:03:19","Microsoft Windows 11 Home","23","6","7-Zip 24.09 (x64); AutoHotkey 1.1.37.01; Mozilla Firefox (x64 en-GB); Mozilla Maintenance Service; Notepad++ (64-bit x64); TeamViewer; Microsoft Visual C++ 2022 X64 Minimum Runtime - 14.42.34433; VeraCrypt 1.26.15; OpenVPN 2.6.13-I001 amd64; Microsoft Visual C++ 2022 X64 Additional Runtime - 14.42.34433; Microsoft Visual Studio Code; KeePass Password Safe 2.57.1; Microsoft Edge; Microsoft Edge Update","0","","89.21","2024-09-06 00:37:33","2025-02-03 04:07:37","3603.5"
"C_Data/111","20","2025-02-03 02:14:17","2025-02-03 04:19:54","64","2025-02-02 17:55:05","2025-02-03 04:19:09","3.07","2024-09-06 00:24:14","2025-02-03 04:17:52","1.07","2024-09-06 00:31:43","2025-02-03 04:17:52","1.07","2024-09-06 00:31:42","2025-02-03 04:17:15","Microsoft Windows 10 Home","76","9","SoapUI 5.8.0; 7-Zip 24.09 (x64); AutoHotkey 1.1.37.01; Evernote 10.124.6 (All Users); Everything 1.4.1.1026 (x64); FreeCAD 0.21.2; GPL Ghostscript; Greenshot 1.2.10.6; IrfanView 4.70 (64-bit); Mozilla Firefox (x64 en-GB); Mozilla Maintenance Service; Notepad++ (64-bit x64); OpenSCAD (remove only); OmegaT version 6.0.0","0","","89.21","2024-09-06 00:24:14","2025-02-03 04:19:54","3603.93"
"C_Data/112","20","2025-02-03 02:11:28","2025-02-03 04:16:50","64","2025-02-02 22:56:56","2025-02-03 04:15:58","3.07","2024-09-06 02:37:54","2025-02-03 04:15:38","2.07","2024-09-06 00:37:33","2025-02-03 04:15:32","1.07","2024-09-06 00:37:33","2025-02-03 04:14:42","Microsoft Windows 11 Home","39","4","7-Zip 24.09 (x64); Bandizip; HexChat; Mozilla Firefox (x64 en-GB); Mozilla Maintenance Service; Notepad++ (64-bit x64); Vagrant; AWS Command Line Interface v2; Google Chrome; Microsoft Visual C++ 2022 X64 Minimum Runtime - 14.42.34433; iTunes; Bonjour; PeaZip 10.2.0 (WIN64); Microsoft Visual Studio Installer","0","","90.21","2024-09-06 00:37:33","2025-02-03 04:16:50","3603.65"
